scope,region,plant,hour,time_regime,disagreement_band,xgb_mae,cnn_mae,xgb_weight,n_validation,disagreement_low_threshold,disagreement_high_threshold
global,__all__,__all__,-1,all,all,0.1552665196343656,0.16201983171911408,0.5443787861114922,16188,,
metadata,__all__,__all__,-1,all,all,0.1552665196343656,0.16201983171911408,0.5443787861114922,16188,0.0073764572666666604,0.02737986333333333
region,unknown,__all__,-1,all,all,0.02601830311140199,0.031796615676464496,0.5938628462354,1704,,
region,강원특별자치도,__all__,-1,all,all,0.07290254981656455,0.06962699920535247,0.23916290137678078,2556,,
region,경기도,__all__,-1,all,all,0.03170342933188145,0.04042592136316197,1.0,852,,
region,경상남도,__all__,-1,all,all,0.020291928406928405,0.03036739358767,0.7110489733062169,852,,
region,경상북도,__all__,-1,all,all,0.02989577313960446,0.03702240892223275,0.7027442960565821,852,,
region,전라남도,__all__,-1,all,all,0.4062733457170244,0.4146419722095297,0.5448431721351109,5112,,
region,전북특별자치도,__all__,-1,all,all,0.026311685166842725,0.04838610209072535,0.8798665601784476,852,,
region,제주특별자치도,__all__,-1,all,all,0.040356681912575715,0.04830880728170939,0.7152552529113825,1704,,
region,충청남도,__all__,-1,all,all,0.026381681603947185,0.032615649954896714,0.7908427413218753,1704,,
plant,__all__,ewp:광양항광양냉장태양광,-1,all,all,0.018279183871070425,0.027002299861608566,0.8499662215461978,852,,
plant,__all__,ewp:당진자재창고태양광,-1,all,all,0.020067021330390844,0.027348862155786385,0.8775407476026441,852,,
plant,__all__,ewp:당진태양광,-1,all,all,0.032696341877503525,0.03788243775400704,0.6859643676976185,852,,
plant,__all__,ewp:당진화력수상태양광,-1,all,all,0.03474273521393544,0.039849033537028164,0.6205262098226463,852,,
plant,__all__,ewp:동해 바이오 연료저장고 지붕태양광,-1,all,all,0.042616973943760565,0.06299897390231796,0.6595838709379764,852,,
plant,__all__,ewp:동해바이오화력본부 태양광,-1,all,all,0.1325719090502406,0.10155540070416082,0.0,852,,
plant,__all__,ewp:울산태양광#1,-1,all,all,0.017293871008868544,0.023744197815900817,0.566495773909498,852,,
plant,__all__,koen:경상대태양광,-1,all,all,0.020291928406928405,0.03036739358767,0.7110489733062169,852,,
plant,__all__,koen:광양항세방태양광,-1,all,all,0.0821536229103838,0.08269682657127723,0.4666904598983097,852,,
plant,__all__,koen:구미정수장,-1,all,all,0.02989577313960446,0.03702240892223275,0.7027442960565821,852,,
plant,__all__,koen:해창만 수상(98MW),-1,all,all,2.1855594003258805,2.223471258925235,0.5449770619165661,852,,
plant,__all__,kospo:다송리,-1,all,all,0.026311685166842725,0.04838610209072535,0.8798665601784476,852,,
plant,__all__,kospo:신풍리 태양광(제주),-1,all,all,0.03992687827953051,0.04551869321618052,0.7138908537160332,852,,
plant,__all__,kospo:영월철도부지,-1,all,all,0.04351876645569249,0.04432662300957864,0.10395027268923543,852,,
plant,__all__,kospo:이천D(백사면B),-1,all,all,0.03170342933188145,0.04042592136316197,1.0,852,,
plant,__all__,kospo:제주 용수리 태양광,-1,all,all,0.04078648554562089,0.05109892134723827,0.7158210793077843,852,,
plant,__all__,krc:영암1차,-1,all,all,0.054947008915575114,0.05456971658737559,0.38671056998431563,852,,
plant,__all__,krc:영암2차,-1,all,all,0.05930276345407243,0.05745154324154167,0.4013630781024342,852,,
plant,__all__,krc:율치,-1,all,all,0.037398094825164326,0.04266018807014049,0.6707906032407289,852,,
region_hour,unknown,__all__,0,all,all,0.0014442428137500002,0.007404863375277777,0.9476399679962719,72,,
region_hour,unknown,__all__,1,all,all,0.0014966393404166666,0.007732062727638888,0.9619522722565802,72,,
region_hour,unknown,__all__,2,all,all,0.0014864044993055554,0.007362958460555555,0.9860384168894494,72,,
region_hour,unknown,__all__,3,all,all,0.0014819462072222223,0.00737338310875,0.9989421904613832,72,,
region_hour,unknown,__all__,4,all,all,0.0014475690599999999,0.007896216800951388,0.9948963696338707,72,,
region_hour,unknown,__all__,5,all,all,0.0014051087027777778,0.010420862586805555,0.9727004360060488,72,,
region_hour,unknown,__all__,6,all,all,0.0016429800791666668,0.009898327999305555,0.9858079490927657,72,,
region_hour,unknown,__all__,7,all,all,0.008798088922222221,0.016259458998333334,1.0,72,,
region_hour,unknown,__all__,8,all,all,0.034325838166666664,0.03686096617777778,0.6699486776269988,72,,
region_hour,unknown,__all__,9,all,all,0.05503365167361111,0.07056723438333333,0.8313303823446123,72,,
region_hour,unknown,__all__,10,all,all,0.07501869101805556,0.07884392381527777,0.5850284867101698,72,,
region_hour,unknown,__all__,11,all,all,0.09133710681944443,0.09031739563333334,0.6188530802665602,72,,
region_hour,unknown,__all__,12,all,all,0.09432262682857141,0.09058664388571429,0.403971790387536,70,,
region_hour,unknown,__all__,13,all,all,0.0767175111714286,0.07143174124285714,0.3858271730676005,70,,
region_hour,unknown,__all__,14,all,all,0.07249284364285714,0.07241375417142856,0.4577062725652936,70,,
region_hour,unknown,__all__,15,all,all,0.055141201945714285,0.05448085144514285,0.44872940238953823,70,,
region_hour,unknown,__all__,16,all,all,0.030032941492857144,0.036006617801428574,0.761695011193711,70,,
region_hour,unknown,__all__,17,all,all,0.0077875152964285745,0.023074445139857142,0.9241326293509591,70,,
region_hour,unknown,__all__,18,all,all,0.006484838360857143,0.01880529534714286,0.8115263199643397,70,,
region_hour,unknown,__all__,19,all,all,0.0023882510711428573,0.016069551094857137,0.9325733193280894,70,,
region_hour,unknown,__all__,20,all,all,0.0008101310345571427,0.009321486955428568,0.988066340382763,70,,
region_hour,unknown,__all__,21,all,all,0.0014702258805714286,0.009184641465614285,0.9865021164893465,70,,
region_hour,unknown,__all__,22,all,all,0.0014542641012857142,0.006969995189142857,0.9511404096966465,70,,
region_hour,unknown,__all__,23,all,all,0.0014844099742857143,0.004711005116342856,0.8942087972992373,70,,
region_hour,강원특별자치도,__all__,0,all,all,0.0013860756824074073,0.010871902389074074,0.9837594047969479,108,,
region_hour,강원특별자치도,__all__,1,all,all,0.0013842885832870372,0.009961688423753704,0.9867206390195433,108,,
region_hour,강원특별자치도,__all__,2,all,all,0.001397527222546296,0.011090798536111115,0.9965176864143205,108,,
region_hour,강원특별자치도,__all__,3,all,all,0.0013271927257685182,0.010975406946851852,1.0,108,,
region_hour,강원특별자치도,__all__,4,all,all,0.0013264245625925926,0.010397959110550924,0.9894284181599342,108,,
region_hour,강원특별자치도,__all__,5,all,all,0.001295100984074074,0.011944577114074074,0.9747628976532999,108,,
region_hour,강원특별자치도,__all__,6,all,all,0.0020589084737962964,0.010113479245833334,0.9690940157726801,108,,
region_hour,강원특별자치도,__all__,7,all,all,0.016727866474074076,0.02030484788111111,0.7555980150784377,108,,
region_hour,강원특별자치도,__all__,8,all,all,0.06687815242592592,0.09504436369907404,0.9281475853212461,108,,
region_hour,강원특별자치도,__all__,9,all,all,0.11541418250925925,0.17979235511796296,1.0,108,,
region_hour,강원특별자치도,__all__,10,all,all,0.14761452912685186,0.11661386653055554,0.23981823811198175,108,,
region_hour,강원특별자치도,__all__,11,all,all,0.0931616399351852,0.1279373067284259,0.8436892981978402,108,,
region_hour,강원특별자치도,__all__,12,all,all,0.08537431337142856,0.12405612314000003,0.9260561045474843,105,,
region_hour,강원특별자치도,__all__,13,all,all,0.09527369502857143,0.11439676173647617,0.7783702201670769,105,,
region_hour,강원특별자치도,__all__,14,all,all,0.09026979012380953,0.10452329420621904,0.6960889655152125,105,,
region_hour,강원특별자치도,__all__,15,all,all,0.11511837712380953,0.06875026029809524,0.2816048591050257,105,,
region_hour,강원특별자치도,__all__,16,all,all,0.13483256955238096,0.032027412120380946,0.12127281839109823,105,,
region_hour,강원특별자치도,__all__,17,all,all,0.3181127583271428,0.25713520048476185,0.0,105,,
region_hour,강원특별자치도,__all__,18,all,all,0.20024595023923814,0.1505756781344381,0.28342111334195025,105,,
region_hour,강원특별자치도,__all__,19,all,all,0.15043608201857142,0.11123421552361905,0.0,105,,
region_hour,강원특별자치도,__all__,20,all,all,0.09542759866952381,0.05701478570935238,0.0,105,,
region_hour,강원특별자치도,__all__,21,all,all,0.024118836306152382,0.021837235765285717,0.20997044321513864,105,,
region_hour,강원특별자치도,__all__,22,all,all,0.0012279513045714285,0.01070279478307619,0.9685443007177176,105,,
region_hour,강원특별자치도,__all__,23,all,all,0.0013902050863809526,0.010044965553114286,0.9806565422581506,105,,
region_hour,경기도,__all__,0,all,all,0.0015436560916666665,0.004119951710833333,0.9596696176543389,36,,
region_hour,경기도,__all__,1,all,all,0.0015324290333333334,0.004298440278722222,0.9793912293385076,36,,
region_hour,경기도,__all__,2,all,all,0.0014937546916666668,0.004657919204027777,0.9859720245174697,36,,
region_hour,경기도,__all__,3,all,all,0.0014603012194444444,0.005634350088861111,0.9896780052069041,36,,
region_hour,경기도,__all__,4,all,all,0.0014194032055555555,0.007038117278777779,1.0,36,,
region_hour,경기도,__all__,5,all,all,0.0014164758638888887,0.010088978526111111,0.9594794466025717,36,,
region_hour,경기도,__all__,6,all,all,0.0012433811905555557,0.010961339675000003,0.9873263455178899,36,,
region_hour,경기도,__all__,7,all,all,0.01847640101388889,0.017067795955555562,0.6361840296153698,36,,
region_hour,경기도,__all__,8,all,all,0.029255420111111114,0.052919189138888885,1.0,36,,
region_hour,경기도,__all__,9,all,all,0.04732560433333333,0.066756329,0.9566460825720563,36,,
region_hour,경기도,__all__,10,all,all,0.09005317583333333,0.06295982516666668,0.0,36,,
region_hour,경기도,__all__,11,all,all,0.08990622194444445,0.08723312972222223,0.8377832091787355,36,,
region_hour,경기도,__all__,12,all,all,0.09757956628571428,0.11538949754285716,1.0,35,,
region_hour,경기도,__all__,13,all,all,0.10796616885714286,0.12904021142857142,1.0,35,,
region_hour,경기도,__all__,14,all,all,0.08756685257142859,0.1226802178857143,1.0,35,,
region_hour,경기도,__all__,15,all,all,0.09705044077142858,0.13069515391428574,1.0,35,,
region_hour,경기도,__all__,16,all,all,0.04851017042857143,0.07359804868571429,1.0,35,,
region_hour,경기도,__all__,17,all,all,0.022557647925714283,0.02739416418142857,0.8483553738462244,35,,
region_hour,경기도,__all__,18,all,all,0.006669953248,0.009950261654285713,0.7260209126241055,35,,
region_hour,경기도,__all__,19,all,all,0.005331491167714286,0.010024858388857144,0.7323598711228503,35,,
region_hour,경기도,__all__,20,all,all,0.0007362426443714286,0.008314029664285714,1.0,35,,
region_hour,경기도,__all__,21,all,all,0.0014642913428571428,0.0053680633031428565,0.9128868134732756,35,,
region_hour,경기도,__all__,22,all,all,0.0015077110685714286,0.004523750714571428,0.8445766884121706,35,,
region_hour,경기도,__all__,23,all,all,0.0015388267628571428,0.0038335093382857147,0.8591491684181061,35,,
region_hour,경상남도,__all__,0,all,all,0.001564629838888889,0.0060359702855555565,0.9029974003756098,36,,
region_hour,경상남도,__all__,1,all,all,0.0015691603527777777,0.006631844566666666,0.9370909923802396,36,,
region_hour,경상남도,__all__,2,all,all,0.0015944548916666666,0.006872283934999999,0.9748924121062055,36,,
region_hour,경상남도,__all__,3,all,all,0.0016136897916666669,0.007124967041666668,1.0,36,,
region_hour,경상남도,__all__,4,all,all,0.0016002323833333332,0.007559595814999999,1.0,36,,
region_hour,경상남도,__all__,5,all,all,0.0015614545563888888,0.008980623529722221,0.9537975347265886,36,,
region_hour,경상남도,__all__,6,all,all,0.0020683599330555556,0.00801204597111111,0.9200110032998922,36,,
region_hour,경상남도,__all__,7,all,all,0.010557238861111111,0.013542585924166668,0.8270939661215527,36,,
region_hour,경상남도,__all__,8,all,all,0.02968679072222223,0.057974394091666666,1.0,36,,
region_hour,경상남도,__all__,9,all,all,0.03617360016666667,0.0762773576861111,0.8060566519852654,36,,
region_hour,경상남도,__all__,10,all,all,0.05802749944444444,0.08308368311111111,0.7540609981773181,36,,
region_hour,경상남도,__all__,11,all,all,0.06391182083333334,0.0829004376388889,0.8027344120177273,36,,
region_hour,경상남도,__all__,12,all,all,0.05946518468571428,0.0622371537142857,0.6613148917080727,35,,
region_hour,경상남도,__all__,13,all,all,0.08067347,0.07699165777142856,0.4574692141593242,35,,
region_hour,경상남도,__all__,14,all,all,0.06092922957142858,0.0733416962857143,0.5891501967474868,35,,
region_hour,경상남도,__all__,15,all,all,0.04158434171428571,0.05980852951428572,0.6168538425591574,35,,
region_hour,경상남도,__all__,16,all,all,0.01912378671714286,0.027150373282857142,0.7375169155021705,35,,
region_hour,경상남도,__all__,17,all,all,0.004718126677142858,0.012508629123142857,0.8701897981045683,35,,
region_hour,경상남도,__all__,18,all,all,0.0032617082503714288,0.016059810757714288,0.8768066028258905,35,,
region_hour,경상남도,__all__,19,all,all,0.0025007725002857144,0.01127286384657143,0.8877293551203831,35,,
region_hour,경상남도,__all__,20,all,all,0.0009990632859999998,0.00663913749,0.991967700493553,35,,
region_hour,경상남도,__all__,21,all,all,0.0015627590914285715,0.005738420976424001,0.9117632327921842,35,,
region_hour,경상남도,__all__,22,all,all,0.0015916629342857143,0.006320866490857144,0.9025785545481836,35,,
region_hour,경상남도,__all__,23,all,all,0.0016265076800000002,0.0057357439242857145,0.8864481315982344,35,,
region_hour,경상북도,__all__,0,all,all,0.0016052261555555556,0.005232234842222221,0.9094092884737044,36,,
region_hour,경상북도,__all__,1,all,all,0.0016211151083333334,0.005745218014111111,0.9512764571374486,36,,
region_hour,경상북도,__all__,2,all,all,0.0016246492472222224,0.006747136521388889,0.9918420615078791,36,,
region_hour,경상북도,__all__,3,all,all,0.0016050436611111112,0.005907975108055555,1.0,36,,
region_hour,경상북도,__all__,4,all,all,0.0015595300833333335,0.006478195416944444,1.0,36,,
region_hour,경상북도,__all__,5,all,all,0.0015472340694444443,0.00760925143388889,0.9566631711096397,36,,
region_hour,경상북도,__all__,6,all,all,0.0020774542805555556,0.008515446466305554,0.9773723450000075,36,,
region_hour,경상북도,__all__,7,all,all,0.012039503,0.0127925678,0.6877854191792988,36,,
region_hour,경상북도,__all__,8,all,all,0.042983539805555554,0.049003826,0.8702621209177216,36,,
region_hour,경상북도,__all__,9,all,all,0.07150182388888889,0.0759874403611111,0.5778551014247538,36,,
region_hour,경상북도,__all__,10,all,all,0.1064678151388889,0.09143408333333332,0.0,36,,
region_hour,경상북도,__all__,11,all,all,0.10995682791666667,0.11309027777777778,0.519309288403172,36,,
region_hour,경상북도,__all__,12,all,all,0.09119352842857142,0.10440899594285713,1.0,35,,
region_hour,경상북도,__all__,13,all,all,0.08239802085714286,0.08637738982857143,0.7500324394014722,35,,
region_hour,경상북도,__all__,14,all,all,0.07200953788571425,0.09221201948571428,0.7953990267388161,35,,
region_hour,경상북도,__all__,15,all,all,0.05415245017142857,0.07376031594285715,0.8899657196648301,35,,
region_hour,경상북도,__all__,16,all,all,0.040755934171428566,0.050761889683714284,1.0,35,,
region_hour,경상북도,__all__,17,all,all,0.009440005665714285,0.02428431677428572,0.8598585720047363,35,,
region_hour,경상북도,__all__,18,all,all,0.004716071914371428,0.016128970052857145,0.9091485347778275,35,,
region_hour,경상북도,__all__,19,all,all,0.002580674131428572,0.02090028696771429,0.9608483296039741,35,,
region_hour,경상북도,__all__,20,all,all,0.0010220317497142855,0.014235746792285713,1.0,35,,
region_hour,경상북도,__all__,21,all,all,0.0015873325114285715,0.00873010252514286,0.9913531887017913,35,,
region_hour,경상북도,__all__,22,all,all,0.0015778551485714286,0.005370130725065715,0.9494732396629951,35,,
region_hour,경상북도,__all__,23,all,all,0.0015941936542857142,0.004416146451428571,0.8469876646679944,35,,
region_hour,전라남도,__all__,0,all,all,0.0017410452766666667,0.00655827727099537,1.0,216,,
region_hour,전라남도,__all__,1,all,all,0.0017429841131018518,0.006939261318293981,1.0,216,,
region_hour,전라남도,__all__,2,all,all,0.0017532447508796295,0.007941960031189351,1.0,216,,
region_hour,전라남도,__all__,3,all,all,0.0017238377055092593,0.008419880159537037,1.0,216,,
region_hour,전라남도,__all__,4,all,all,0.0017263550872222222,0.009446914254504628,1.0,216,,
region_hour,전라남도,__all__,5,all,all,0.0027598167904027775,0.012486970012722223,1.0,216,,
region_hour,전라남도,__all__,6,all,all,0.010014340817972223,0.021662567817868055,0.9779307018637741,216,,
region_hour,전라남도,__all__,7,all,all,0.19232981997592594,0.29163475027965274,0.8644884936138111,216,,
region_hour,전라남도,__all__,8,all,all,0.5197370467037037,0.7175045123381019,0.9880457143618895,216,,
region_hour,전라남도,__all__,9,all,all,0.9782787795694445,0.9980611333560184,0.58013994250727,216,,
region_hour,전라남도,__all__,10,all,all,1.0401501299305556,0.971924276837963,0.36958400080711673,216,,
region_hour,전라남도,__all__,11,all,all,1.3970901138194445,1.300364497435185,0.4952407117504612,216,,
region_hour,전라남도,__all__,12,all,all,1.4844367253809523,1.4281483089999998,0.6097042429092948,210,,
region_hour,전라남도,__all__,13,all,all,1.1501391986666667,1.0951592553333334,0.5209144321876529,210,,
region_hour,전라남도,__all__,14,all,all,1.3226148868999998,1.2914842471285717,0.42459290563446783,210,,
region_hour,전라남도,__all__,15,all,all,1.0183165600714286,1.057435578404762,0.590325879546327,210,,
region_hour,전라남도,__all__,16,all,all,0.4246244679857142,0.5530295937357143,0.8597545186700449,210,,
region_hour,전라남도,__all__,17,all,all,0.13558312804547618,0.0920859994527619,0.2160993494756148,210,,
region_hour,전라남도,__all__,18,all,all,0.07597714951088429,0.049976375838761904,0.0,210,,
region_hour,전라남도,__all__,19,all,all,0.0032882160295238097,0.02442470526437143,0.9772795466794967,210,,
region_hour,전라남도,__all__,20,all,all,0.0016244836436380956,0.00719426474812381,0.9809579354501791,210,,
region_hour,전라남도,__all__,21,all,all,0.0021638655605714287,0.005850357237610953,0.9547349941676023,210,,
region_hour,전라남도,__all__,22,all,all,0.0017385828883809526,0.005980240866012856,0.9969498262694633,210,,
region_hour,전라남도,__all__,23,all,all,0.0017550218149047616,0.005486509632438095,1.0,210,,
region_hour,전북특별자치도,__all__,0,all,all,0.001638675125,0.005287096735333333,0.931991271091386,36,,
region_hour,전북특별자치도,__all__,1,all,all,0.0015829615083333335,0.0055839874369444445,0.9608094236724072,36,,
region_hour,전북특별자치도,__all__,2,all,all,0.0015764899222222223,0.006535636860277778,1.0,36,,
region_hour,전북특별자치도,__all__,3,all,all,0.0016080493833333335,0.007877860592777779,1.0,36,,
region_hour,전북특별자치도,__all__,4,all,all,0.0016126386597222224,0.008401845829166666,1.0,36,,
region_hour,전북특별자치도,__all__,5,all,all,0.001528076533333333,0.011519191174583332,1.0,36,,
region_hour,전북특별자치도,__all__,6,all,all,0.0018946336527777775,0.010164306403888889,1.0,36,,
region_hour,전북특별자치도,__all__,7,all,all,0.013593458486111109,0.02249638923111111,1.0,36,,
region_hour,전북특별자치도,__all__,8,all,all,0.04426555555555555,0.07108331358333334,0.9339142705156175,36,,
region_hour,전북특별자치도,__all__,9,all,all,0.07338633722222224,0.1132445136111111,0.8683644771697954,36,,
region_hour,전북특별자치도,__all__,10,all,all,0.09530169444444445,0.14554143388888885,0.8188298795764936,36,,
region_hour,전북특별자치도,__all__,11,all,all,0.09015695524999999,0.16150042055555555,0.8041216901265066,36,,
region_hour,전북특별자치도,__all__,12,all,all,0.08184855182857143,0.15963553742857145,0.8384518217783428,35,,
region_hour,전북특별자치도,__all__,13,all,all,0.05945125228571429,0.141284354,1.0,35,,
region_hour,전북특별자치도,__all__,14,all,all,0.06526838971428572,0.10705870685714286,1.0,35,,
region_hour,전북특별자치도,__all__,15,all,all,0.054433965828571435,0.08156226171428572,0.9812275056658252,35,,
region_hour,전북특별자치도,__all__,16,all,all,0.02356311397142857,0.03894366137142857,0.8743295200460833,35,,
region_hour,전북특별자치도,__all__,17,all,all,0.00511054855142857,0.02107218711142857,1.0,35,,
region_hour,전북특별자치도,__all__,18,all,all,0.004675124964285714,0.012254808624285714,0.8186774702160803,35,,
region_hour,전북특별자치도,__all__,19,all,all,0.0026830850225714287,0.007880020129142858,0.8895971501769784,35,,
region_hour,전북특별자치도,__all__,20,all,all,0.0011456094959999999,0.008378142125714286,1.0,35,,
region_hour,전북특별자치도,__all__,21,all,all,0.001592349865714286,0.006783551001657143,1.0,35,,
region_hour,전북특별자치도,__all__,22,all,all,0.0016124085342857145,0.003916016676942856,0.947945122119184,35,,
region_hour,전북특별자치도,__all__,23,all,all,0.0015960809485714286,0.003586842353428572,0.8311102293079177,35,,
region_hour,제주특별자치도,__all__,0,all,all,0.001617122856875,0.005797769486944444,1.0,72,,
region_hour,제주특별자치도,__all__,1,all,all,0.0016103272240833332,0.006697465949027777,1.0,72,,
region_hour,제주특별자치도,__all__,2,all,all,0.0015991077639444444,0.008650646453611112,1.0,72,,
region_hour,제주특별자치도,__all__,3,all,all,0.0016350026403333334,0.008777087376944444,1.0,72,,
region_hour,제주특별자치도,__all__,4,all,all,0.001406058570097222,0.008736246955972223,0.9768284263264282,72,,
region_hour,제주특별자치도,__all__,5,all,all,0.0013537246619444445,0.011558829084291667,0.9628137490699964,72,,
region_hour,제주특별자치도,__all__,6,all,all,0.00225312621875,0.0130907391025,0.9252910089855245,72,,
region_hour,제주특별자치도,__all__,7,all,all,0.016047281331805555,0.020034827256388887,0.7382722661587875,72,,
region_hour,제주특별자치도,__all__,8,all,all,0.05138869608333333,0.06417603838333334,0.9699897385396891,72,,
region_hour,제주특별자치도,__all__,9,all,all,0.09447435252777778,0.09729901449999999,0.37880466524349526,72,,
region_hour,제주특별자치도,__all__,10,all,all,0.10407110770833332,0.12161260377777777,0.8472631409454151,72,,
region_hour,제주특별자치도,__all__,11,all,all,0.14341469494444445,0.16566635919444442,0.9422788375225103,72,,
region_hour,제주특별자치도,__all__,12,all,all,0.14349327172857146,0.14898502425714283,0.6281467017016296,70,,
region_hour,제주특별자치도,__all__,13,all,all,0.1380537187428571,0.14940573780000002,0.76191789298831,70,,
region_hour,제주특별자치도,__all__,14,all,all,0.11542681661428571,0.11489074288571428,0.5621286421430124,70,,
region_hour,제주특별자치도,__all__,15,all,all,0.07884249105714285,0.0915552934,0.8375365463458045,70,,
region_hour,제주특별자치도,__all__,16,all,all,0.04524776732857143,0.048951320757142855,0.6445073183122612,70,,
region_hour,제주특별자치도,__all__,17,all,all,0.013597711767142856,0.024948133076142853,0.9410826344048374,70,,
region_hour,제주특별자치도,__all__,18,all,all,0.006295860025571428,0.015791885562714287,0.7696348090357765,70,,
region_hour,제주특별자치도,__all__,19,all,all,0.002553935933714286,0.010154260511999998,0.8888182021955059,70,,
region_hour,제주특별자치도,__all__,20,all,all,0.001163029237142857,0.007183494786511428,0.9835517293451694,70,,
region_hour,제주특별자치도,__all__,21,all,all,0.0015999481005,0.006512266384142857,0.938431104228115,70,,
region_hour,제주특별자치도,__all__,22,all,all,0.0016081826409285714,0.0053196102312857135,0.899021230698791,70,,
region_hour,제주특별자치도,__all__,23,all,all,0.001618732491357143,0.004976207868685714,1.0,70,,
region_hour,충청남도,__all__,0,all,all,0.0016248617208333334,0.004934832838055556,0.9093443120536538,72,,
region_hour,충청남도,__all__,1,all,all,0.0016292029236111112,0.005589408588750001,0.9614954554158365,72,,
region_hour,충청남도,__all__,2,all,all,0.0016194381458333332,0.005917266820555555,0.9720681208026459,72,,
region_hour,충청남도,__all__,3,all,all,0.0016118529125,0.0056385463875,1.0,72,,
region_hour,충청남도,__all__,4,all,all,0.0015859357847222222,0.00688036036125,1.0,72,,
region_hour,충청남도,__all__,5,all,all,0.0015267521041666668,0.00995030047361111,1.0,72,,
region_hour,충청남도,__all__,6,all,all,0.0017121428169444446,0.009838915441666667,1.0,72,,
region_hour,충청남도,__all__,7,all,all,0.007544363980555555,0.019310770492083334,1.0,72,,
region_hour,충청남도,__all__,8,all,all,0.039122142708333335,0.04006806962500001,0.6881353062580309,72,,
region_hour,충청남도,__all__,9,all,all,0.057807583749999995,0.0753916688472222,1.0,72,,
region_hour,충청남도,__all__,10,all,all,0.06761293458333334,0.08956861981944444,1.0,72,,
region_hour,충청남도,__all__,11,all,all,0.08595288481944444,0.09531547838888889,0.8053689681299451,72,,
region_hour,충청남도,__all__,12,all,all,0.091095132,0.09925950064285716,0.6875385802000942,70,,
region_hour,충청남도,__all__,13,all,all,0.08011236779999999,0.08433400798571429,0.5938122532375785,70,,
region_hour,충청남도,__all__,14,all,all,0.06711629218571426,0.07046867811428571,0.5116020535609106,70,,
region_hour,충청남도,__all__,15,all,all,0.0728002973557143,0.07370726559999999,0.4040492817925559,70,,
region_hour,충청남도,__all__,16,all,all,0.032126616000000004,0.030056743699999996,0.48933070073897517,70,,
region_hour,충청남도,__all__,17,all,all,0.009329145392857145,0.013893707234571428,0.7508306099134122,70,,
region_hour,충청남도,__all__,18,all,all,0.004054875390285714,0.013133746352857143,0.8382610922676786,70,,
region_hour,충청남도,__all__,19,all,all,0.0025697983871857144,0.008942133224714289,0.8553980485227713,70,,
region_hour,충청남도,__all__,20,all,all,0.0009516816397571428,0.005344854926714286,1.0,70,,
region_hour,충청남도,__all__,21,all,all,0.0016453098971428571,0.007587446048571428,1.0,70,,
region_hour,충청남도,__all__,22,all,all,0.0016655428200000003,0.004705035253342857,1.0,70,,
region_hour,충청남도,__all__,23,all,all,0.0016926343185714287,0.003594914932,0.8769310793331079,70,,
region_regime_disagreement,unknown,__all__,-1,day,high,0.07371611014675768,0.072269748985529,0.4642699112346425,293,,
region_regime_disagreement,unknown,__all__,-1,day,low,0.07531699950937501,0.075155476490625,1.0,32,,
region_regime_disagreement,unknown,__all__,-1,day,medium,0.08965501048686868,0.08912639042424239,1.0,99,,
region_regime_disagreement,unknown,__all__,-1,night,high,0.00110349794,0.03332003455555555,0.9851476471078019,18,,
region_regime_disagreement,unknown,__all__,-1,night,low,0.0014413488752549504,0.0034912658657809408,0.9367915257719166,404,,
region_regime_disagreement,unknown,__all__,-1,night,medium,0.0013586959507448275,0.012319213680689655,0.9726163616193801,290,,
region_regime_disagreement,unknown,__all__,-1,ramp_down,high,0.015335079903299999,0.038751638720999994,0.8332335236018621,100,,
region_regime_disagreement,unknown,__all__,-1,ramp_down,low,0.009485738133454545,0.008683903855454544,0.2240538823755707,55,,
region_regime_disagreement,unknown,__all__,-1,ramp_down,medium,0.009706597182560001,0.017793080581440003,0.8703547832814325,125,,
region_regime_disagreement,unknown,__all__,-1,ramp_up,high,0.0442895323030337,0.062249379117752815,0.8252365963062536,89,,
region_regime_disagreement,unknown,__all__,-1,ramp_up,low,0.017012991494133333,0.01818459689,0.9982106481021722,75,,
region_regime_disagreement,unknown,__all__,-1,ramp_up,medium,0.015870141125564518,0.021888319322580646,0.634569120703,124,,
region_regime_disagreement,강원특별자치도,__all__,-1,day,high,0.11028835057385496,0.11661681454616984,0.5888051328385525,524,,
region_regime_disagreement,강원특별자치도,__all__,-1,day,low,0.07834571814285717,0.07767953229999999,0.16509884027978503,28,,
region_regime_disagreement,강원특별자치도,__all__,-1,day,medium,0.0780101058690476,0.07572101333761905,0.05777408003741647,84,,
region_regime_disagreement,강원특별자치도,__all__,-1,night,high,0.08327125642327206,0.061307140967647056,0.005972469237004446,136,,
region_regime_disagreement,강원특별자치도,__all__,-1,night,low,0.0024475667267421686,0.004541502412872048,1.0,415,,
region_regime_disagreement,강원특별자치도,__all__,-1,night,medium,0.0026368372968781435,0.014084437774468085,0.883881838833426,517,,
region_regime_disagreement,강원특별자치도,__all__,-1,ramp_down,high,0.2845304552148148,0.18447084283185186,0.0,270,,
region_regime_disagreement,강원특별자치도,__all__,-1,ramp_down,low,0.06617007208139535,0.0664749193452558,1.0,43,,
region_regime_disagreement,강원특별자치도,__all__,-1,ramp_down,medium,0.04404053090579439,0.04847256131953271,0.6188545188038087,107,,
region_regime_disagreement,강원특별자치도,__all__,-1,ramp_up,high,0.07959873901878173,0.1316884948316751,1.0,197,,
region_regime_disagreement,강원특별자치도,__all__,-1,ramp_up,low,0.02329170649390244,0.024817103428658536,0.0,82,,
region_regime_disagreement,강원특별자치도,__all__,-1,ramp_up,medium,0.026965178746209146,0.0326137843069281,0.36002863155036596,153,,
region_regime_disagreement,경기도,__all__,-1,day,high,0.10487571731205673,0.12245248032624112,1.0,141,,
region_regime_disagreement,경기도,__all__,-1,day,low,0.08803455136363636,0.08846741295454545,1.0,22,,
region_regime_disagreement,경기도,__all__,-1,day,medium,0.06959200093877549,0.07383757942857143,1.0,49,,
region_regime_disagreement,경기도,__all__,-1,night,low,0.001452844610612245,0.003108305470832653,0.885662181173376,245,,
region_regime_disagreement,경기도,__all__,-1,night,medium,0.0013378982390092596,0.011113523328703702,0.9766411558819756,108,,
region_regime_disagreement,경기도,__all__,-1,ramp_down,high,0.03916065544324325,0.06731796746351351,1.0,37,,
region_regime_disagreement,경기도,__all__,-1,ramp_down,low,0.016488281071875,0.016792773804791664,1.0,48,,
region_regime_disagreement,경기도,__all__,-1,ramp_down,medium,0.012128044620000002,0.017037067510545453,0.9175012280498555,55,,
region_regime_disagreement,경기도,__all__,-1,ramp_up,high,0.03912962873529412,0.08045549652941177,1.0,34,,
region_regime_disagreement,경기도,__all__,-1,ramp_up,low,0.016169472399444447,0.01759738026666667,1.0,36,,
region_regime_disagreement,경기도,__all__,-1,ramp_up,medium,0.02100433318891892,0.026329391406756757,1.0,74,,
region_regime_disagreement,경상남도,__all__,-1,day,high,0.06625551783707866,0.08102587843258427,0.6526511160080599,178,,
region_regime_disagreement,경상남도,__all__,-1,day,low,0.030529758625000014,0.030598685375000007,0.0,8,,
region_regime_disagreement,경상남도,__all__,-1,day,medium,0.03249704596153847,0.03235764646153845,1.0,26,,
region_regime_disagreement,경상남도,__all__,-1,night,low,0.0015367886852857145,0.0032925266633563807,0.8882606243442538,210,,
region_regime_disagreement,경상남도,__all__,-1,night,medium,0.0015185240830821916,0.01177503820410959,0.9608650561666543,146,,
region_regime_disagreement,경상남도,__all__,-1,ramp_down,high,0.011815934656363634,0.03263039884848484,0.8112342840971472,33,,
region_regime_disagreement,경상남도,__all__,-1,ramp_down,low,0.0046555229284375,0.00555828670625,0.8531566933615566,32,,
region_regime_disagreement,경상남도,__all__,-1,ramp_down,medium,0.00663001623604,0.014533871450133334,0.7681604196299494,75,,
region_regime_disagreement,경상남도,__all__,-1,ramp_up,high,0.034371813046875005,0.074181198,0.8765116716986073,64,,
region_regime_disagreement,경상남도,__all__,-1,ramp_up,low,0.008201057253030303,0.008499979941212123,0.2699200728296804,33,,
region_regime_disagreement,경상남도,__all__,-1,ramp_up,medium,0.007554568175319149,0.012360293663191493,0.7606134418755123,47,,
region_regime_disagreement,경상북도,__all__,-1,day,high,0.09070858086206895,0.10136506922068966,0.6670211092210331,145,,
region_regime_disagreement,경상북도,__all__,-1,day,low,0.05216284136842103,0.053181349210526314,1.0,19,,
region_regime_disagreement,경상북도,__all__,-1,day,medium,0.086225473875,0.08627190770833333,0.46990364443735605,48,,
region_regime_disagreement,경상북도,__all__,-1,night,low,0.0015780758843378993,0.003242194794544749,0.908832811674397,219,,
region_regime_disagreement,경상북도,__all__,-1,night,medium,0.001492748268030303,0.01205510645757576,0.9754858402181178,132,,
region_regime_disagreement,경상북도,__all__,-1,ramp_down,high,0.020929944163035712,0.0453381551375,0.9604841886661629,56,,
region_regime_disagreement,경상북도,__all__,-1,ramp_down,low,0.009267575028571428,0.010016733986428569,0.84661529613492,28,,
region_regime_disagreement,경상북도,__all__,-1,ramp_down,medium,0.010369196999517856,0.019700642543392856,0.9298638845027565,56,,
region_regime_disagreement,경상북도,__all__,-1,ramp_up,high,0.07188373139615387,0.08097358265384616,0.600495505793702,26,,
region_regime_disagreement,경상북도,__all__,-1,ramp_up,low,0.019242035576470584,0.0200892106115098,1.0,51,,
region_regime_disagreement,경상북도,__all__,-1,ramp_up,medium,0.026557652602985076,0.0318941972,0.9422715309375791,67,,
region_regime_disagreement,전라남도,__all__,-1,day,high,1.4691410815760455,1.4145784705703421,0.5111746808624028,1052,,
region_regime_disagreement,전라남도,__all__,-1,day,low,0.1602754135384615,0.16101738057692308,1.0,52,,
region_regime_disagreement,전라남도,__all__,-1,day,medium,0.10374822167857142,0.10400400169642858,0.4926988748977721,168,,
region_regime_disagreement,전라남도,__all__,-1,night,high,0.004470904900666666,0.04387524002222221,1.0,45,,
region_regime_disagreement,전라남도,__all__,-1,night,low,0.0016036423143491946,0.003348404479929282,0.9237904592459407,1366,,
region_regime_disagreement,전라남도,__all__,-1,night,medium,0.002220768942041379,0.013498519612827586,1.0,725,,
region_regime_disagreement,전라남도,__all__,-1,ramp_down,high,0.4000116034777358,0.4461867830183648,0.6261647982880291,318,,
region_regime_disagreement,전라남도,__all__,-1,ramp_down,low,0.008726061687579618,0.009648067030305733,0.6425273886099888,157,,
region_regime_disagreement,전라남도,__all__,-1,ramp_down,medium,0.01565928860045397,0.021085912541479457,0.9149765152130532,365,,
region_regime_disagreement,전라남도,__all__,-1,ramp_up,high,0.7959897995775056,0.950116064310991,0.7106798652817257,449,,
region_regime_disagreement,전라남도,__all__,-1,ramp_up,low,0.014380101312628207,0.01585957400890705,1.0,156,,
region_regime_disagreement,전라남도,__all__,-1,ramp_up,medium,0.029478924291166022,0.03535982145934363,0.8658531143065668,259,,
region_regime_disagreement,전북특별자치도,__all__,-1,day,high,0.07416842726630435,0.1409707972826087,0.8759791316524064,184,,
region_regime_disagreement,전북특별자치도,__all__,-1,day,medium,0.06870197954545455,0.07176484590909092,1.0,22,,
region_regime_disagreement,전북특별자치도,__all__,-1,night,low,0.0015767245072272726,0.003411748862127273,0.9231156326741583,220,,
region_regime_disagreement,전북특별자치도,__all__,-1,night,medium,0.0015068705788235295,0.012279976812499998,1.0,136,,
region_regime_disagreement,전북특별자치도,__all__,-1,ramp_down,high,0.01561606361292683,0.038837001731707316,0.864779948069867,41,,
region_regime_disagreement,전북특별자치도,__all__,-1,ramp_down,low,0.003866173571219512,0.004032274235853658,0.3940597297635261,41,,
region_regime_disagreement,전북특별자치도,__all__,-1,ramp_down,medium,0.007971445056724138,0.018062644631034484,1.0,58,,
region_regime_disagreement,전북특별자치도,__all__,-1,ramp_up,high,0.052503585983050854,0.09640639598305084,0.8831378223766606,59,,
region_regime_disagreement,전북특별자치도,__all__,-1,ramp_up,low,0.0221218485032258,0.02355131423032258,0.0,31,,
region_regime_disagreement,전북특별자치도,__all__,-1,ramp_up,medium,0.018695381118518515,0.025805902180000003,1.0,54,,
region_regime_disagreement,제주특별자치도,__all__,-1,day,high,0.12306760867973858,0.1388282788627451,0.7536292891855894,306,,
region_regime_disagreement,제주특별자치도,__all__,-1,day,low,0.12283977325641025,0.12227933789743588,0.0,39,,
region_regime_disagreement,제주특별자치도,__all__,-1,day,medium,0.10983138288607594,0.11104194567088606,0.8992644152225348,79,,
region_regime_disagreement,제주특별자치도,__all__,-1,night,high,0.0015257387257142858,0.04030905457142857,0.9820848891286806,14,,
region_regime_disagreement,제주특별자치도,__all__,-1,night,low,0.001520575924207675,0.0035929234580875844,0.9781675226135778,443,,
region_regime_disagreement,제주특별자치도,__all__,-1,night,medium,0.0015225637017843138,0.012310266490588235,0.9868561149021029,255,,
region_regime_disagreement,제주특별자치도,__all__,-1,ramp_down,high,0.02416832066171875,0.04113699379375001,0.7162037540330939,64,,
region_regime_disagreement,제주특별자치도,__all__,-1,ramp_down,low,0.013242519734333335,0.013458516778833333,1.0,60,,
region_regime_disagreement,제주특별자치도,__all__,-1,ramp_down,medium,0.015367599663076924,0.022749444769423078,0.8899143483220855,156,,
region_regime_disagreement,제주특별자치도,__all__,-1,ramp_up,high,0.07317873463495145,0.08754708679514564,0.5364407292946165,103,,
region_regime_disagreement,제주특별자치도,__all__,-1,ramp_up,low,0.020003917681698118,0.020324950018113214,0.0,53,,
region_regime_disagreement,제주특별자치도,__all__,-1,ramp_up,medium,0.024410238932651512,0.029671759807424248,0.6195078791649472,132,,
region_regime_disagreement,충청남도,__all__,-1,day,high,0.08002521280397112,0.09167066567148016,0.7347988663126812,277,,
region_regime_disagreement,충청남도,__all__,-1,day,low,0.0666550745272727,0.06758271372727272,1.0,44,,
region_regime_disagreement,충청남도,__all__,-1,day,medium,0.07510308762135923,0.07659323242718448,1.0,103,,
region_regime_disagreement,충청남도,__all__,-1,night,low,0.0015670851574703475,0.0035374271242617585,0.9882031707309837,489,,
region_regime_disagreement,충청남도,__all__,-1,night,medium,0.0015319116765919287,0.011470974131390137,1.0,223,,
region_regime_disagreement,충청남도,__all__,-1,ramp_down,high,0.023106520352727276,0.03430266408181819,0.6986387440192733,55,,
region_regime_disagreement,충청남도,__all__,-1,ramp_down,low,0.00714867716193671,0.006783204851265823,0.31242250989201736,79,,
region_regime_disagreement,충청남도,__all__,-1,ramp_down,medium,0.010479632511849314,0.01506385909657534,0.5594485730026473,146,,
region_regime_disagreement,충청남도,__all__,-1,ramp_up,high,0.047693649115,0.0680158255,1.0,80,,
region_regime_disagreement,충청남도,__all__,-1,ramp_up,low,0.017233129273333335,0.018526449503066665,1.0,75,,
region_regime_disagreement,충청남도,__all__,-1,ramp_up,medium,0.019078437366315787,0.026925780484962407,0.907968611221828,133,,
plant_hour,__all__,ewp:광양항광양냉장태양광,0,all,all,0.0015999711277777777,0.004539054282222222,0.8556574611099729,36,,
plant_hour,__all__,ewp:광양항광양냉장태양광,1,all,all,0.0016147341499999999,0.004652715370319445,0.8898522009011764,36,,
plant_hour,__all__,ewp:광양항광양냉장태양광,2,all,all,0.00158865795,0.004952469620277778,0.8925344809568514,36,,
plant_hour,__all__,ewp:광양항광양냉장태양광,3,all,all,0.0016190538333333332,0.005357171129000001,0.9050552830764478,36,,
plant_hour,__all__,ewp:광양항광양냉장태양광,4,all,all,0.0016031058980555556,0.006749347661111112,0.9402676306914061,36,,
plant_hour,__all__,ewp:광양항광양냉장태양광,5,all,all,0.0015158893544444444,0.00896387215527778,0.9439454956043136,36,,
plant_hour,__all__,ewp:광양항광양냉장태양광,6,all,all,0.0014078998489444445,0.008156529264999999,0.9317296375835389,36,,
plant_hour,__all__,ewp:광양항광양냉장태양광,7,all,all,0.006474108827777779,0.011738837441666667,0.9102911723066237,36,,
plant_hour,__all__,ewp:광양항광양냉장태양광,8,all,all,0.027294573333333336,0.029643414555555556,0.5323243047876741,36,,
plant_hour,__all__,ewp:광양항광양냉장태양광,9,all,all,0.03456336008333333,0.040083524275,0.6494648697197479,36,,
plant_hour,__all__,ewp:광양항광양냉장태양광,10,all,all,0.057219489250000005,0.06185714183333334,0.619386209861724,36,,
plant_hour,__all__,ewp:광양항광양냉장태양광,11,all,all,0.057712644583333333,0.11555986794444444,1.0,36,,
plant_hour,__all__,ewp:광양항광양냉장태양광,12,all,all,0.05154578971428572,0.09525569617142858,1.0,35,,
plant_hour,__all__,ewp:광양항광양냉장태양광,13,all,all,0.05766242457142857,0.08090300428571427,0.8530090324150055,35,,
plant_hour,__all__,ewp:광양항광양냉장태양광,14,all,all,0.05180032711428572,0.060771470457142866,0.7678815568951115,35,,
plant_hour,__all__,ewp:광양항광양냉장태양광,15,all,all,0.03852534454285715,0.04134990185714286,0.5480233609022904,35,,
plant_hour,__all__,ewp:광양항광양냉장태양광,16,all,all,0.025741885914285716,0.019412253642857143,0.0,35,,
plant_hour,__all__,ewp:광양항광양냉장태양광,17,all,all,0.0062237475300000004,0.010783924514285715,0.8376071293025418,35,,
plant_hour,__all__,ewp:광양항광양냉장태양광,18,all,all,0.006157669460285714,0.013725549828571429,0.6424226526721721,35,,
plant_hour,__all__,ewp:광양항광양냉장태양광,19,all,all,0.0019256390057142859,0.007938653211428571,0.851504559128838,35,,
plant_hour,__all__,ewp:광양항광양냉장태양광,20,all,all,0.0008489569582857142,0.003449814668857143,0.9158291003986916,35,,
plant_hour,__all__,ewp:광양항광양냉장태양광,21,all,all,0.0015662946028571429,0.004211221434,0.7961335835434787,35,,
plant_hour,__all__,ewp:광양항광양냉장태양광,22,all,all,0.0015917410885714284,0.0051745031008571425,0.8219220151974769,35,,
plant_hour,__all__,ewp:광양항광양냉장태양광,23,all,all,0.0016152961114285715,0.0034473623389999998,0.795175591264236,35,,
plant_hour,__all__,ewp:당진자재창고태양광,0,all,all,0.001622432011111111,0.004851611084444445,0.9044780830787439,36,,
plant_hour,__all__,ewp:당진자재창고태양광,1,all,all,0.0016246540472222221,0.005445971254166667,0.9567065073310362,36,,
plant_hour,__all__,ewp:당진자재창고태양광,2,all,all,0.0016165480555555554,0.005845719713888888,0.9645311639275556,36,,
plant_hour,__all__,ewp:당진자재창고태양광,3,all,all,0.001608780438888889,0.005530318416666667,1.0,36,,
plant_hour,__all__,ewp:당진자재창고태양광,4,all,all,0.0015823948250000002,0.00664481526111111,1.0,36,,
plant_hour,__all__,ewp:당진자재창고태양광,5,all,all,0.0015226556444444444,0.009561836702777778,1.0,36,,
plant_hour,__all__,ewp:당진자재창고태양광,6,all,all,0.0016041104819444444,0.00980726278611111,1.0,36,,
plant_hour,__all__,ewp:당진자재창고태양광,7,all,all,0.0067529648638888886,0.01964322216472222,1.0,36,,
plant_hour,__all__,ewp:당진자재창고태양광,8,all,all,0.02519054297222222,0.032061042361111104,0.9414822778984792,36,,
plant_hour,__all__,ewp:당진자재창고태양광,9,all,all,0.04082760075,0.06325794994444445,1.0,36,,
plant_hour,__all__,ewp:당진자재창고태양광,10,all,all,0.050152427500000006,0.08099701697222222,1.0,36,,
plant_hour,__all__,ewp:당진자재창고태양광,11,all,all,0.06341710055555555,0.08032108483333333,0.8514651723760152,36,,
plant_hour,__all__,ewp:당진자재창고태양광,12,all,all,0.07392405028571429,0.08847543557142859,0.8007905077733778,35,,
plant_hour,__all__,ewp:당진자재창고태양광,13,all,all,0.06723890245714285,0.07427974068571427,0.7659458153640035,35,,
plant_hour,__all__,ewp:당진자재창고태양광,14,all,all,0.04956131559999999,0.04875752211428572,0.6344464888990252,35,,
plant_hour,__all__,ewp:당진자재창고태양광,15,all,all,0.049614416662857146,0.045639847857142854,0.2933618382029483,35,,
plant_hour,__all__,ewp:당진자재창고태양광,16,all,all,0.025988034914285713,0.019965946342857144,0.26732868288375,35,,
plant_hour,__all__,ewp:당진자재창고태양광,17,all,all,0.007632725962857144,0.013305445197714285,0.8131080249376953,35,,
plant_hour,__all__,ewp:당진자재창고태양광,18,all,all,0.0031446301574285717,0.013012210768857144,0.8648987053364128,35,,
plant_hour,__all__,ewp:당진자재창고태양광,19,all,all,0.0022779229438,0.008481261578571429,0.8705177747947102,35,,
plant_hour,__all__,ewp:당진자재창고태양광,20,all,all,0.0009485600171428572,0.005144577356571428,1.0,35,,
plant_hour,__all__,ewp:당진자재창고태양광,21,all,all,0.0016411254285714286,0.007330672236000001,1.0,35,,
plant_hour,__all__,ewp:당진자재창고태양광,22,all,all,0.0016625993485714283,0.004569206069428571,1.0,35,,
plant_hour,__all__,ewp:당진자재창고태양광,23,all,all,0.0016886458285714286,0.003563502876,0.8665714562358414,35,,
plant_hour,__all__,ewp:당진태양광,0,all,all,0.0016272914305555553,0.005018054591666666,0.9140950665583725,36,,
plant_hour,__all__,ewp:당진태양광,1,all,all,0.0016337518000000002,0.005732845923333334,0.9661157075804973,36,,
plant_hour,__all__,ewp:당진태양광,2,all,all,0.0016223282361111113,0.005988813927222222,0.9794450126571744,36,,
plant_hour,__all__,ewp:당진태양광,3,all,all,0.001614925386111111,0.005746774358333334,1.0,36,,
plant_hour,__all__,ewp:당진태양광,4,all,all,0.0015894767444444445,0.007115905461388888,1.0,36,,
plant_hour,__all__,ewp:당진태양광,5,all,all,0.0015308485638888887,0.010338764244444444,1.0,36,,
plant_hour,__all__,ewp:당진태양광,6,all,all,0.0018201751519444445,0.009870568097222221,1.0,36,,
plant_hour,__all__,ewp:당진태양광,7,all,all,0.008335763097222221,0.018978318819444444,0.9554647157165626,36,,
plant_hour,__all__,ewp:당진태양광,8,all,all,0.05305374244444444,0.048075096888888884,0.5173898046138679,36,,
plant_hour,__all__,ewp:당진태양광,9,all,all,0.07478756675,0.08752538775,0.9988119759522168,36,,
plant_hour,__all__,ewp:당진태양광,10,all,all,0.08507344166666668,0.09814022266666668,1.0,36,,
plant_hour,__all__,ewp:당진태양광,11,all,all,0.10848866908333332,0.11030987194444446,0.7015974712118987,36,,
plant_hour,__all__,ewp:당진태양광,12,all,all,0.10826621371428571,0.11004356571428571,0.3774722888542927,35,,
plant_hour,__all__,ewp:당진태양광,13,all,all,0.0929858331428571,0.09438827528571428,0.3379855573047075,35,,
plant_hour,__all__,ewp:당진태양광,14,all,all,0.08467126877142858,0.0921798341142857,0.4555808666824036,35,,
plant_hour,__all__,ewp:당진태양광,15,all,all,0.09598617804857142,0.10177468334285715,0.4619853233474318,35,,
plant_hour,__all__,ewp:당진태양광,16,all,all,0.03826519708571429,0.040147541057142855,0.7110284016418571,35,,
plant_hour,__all__,ewp:당진태양광,17,all,all,0.011025564822857143,0.014481969271428571,0.7085697185192599,35,,
plant_hour,__all__,ewp:당진태양광,18,all,all,0.004965120623142858,0.013255281936857143,0.814378892443777,35,,
plant_hour,__all__,ewp:당진태양광,19,all,all,0.0028616738305714284,0.009403004870857145,0.8425947765764104,35,,
plant_hour,__all__,ewp:당진태양광,20,all,all,0.0009548032623714285,0.0055451324968571435,1.0,35,,
plant_hour,__all__,ewp:당진태양광,21,all,all,0.0016494943657142857,0.007844219861142856,1.0,35,,
plant_hour,__all__,ewp:당진태양광,22,all,all,0.0016684862914285714,0.004840864437257143,1.0,35,,
plant_hour,__all__,ewp:당진태양광,23,all,all,0.0016966228085714286,0.0036263269880000004,0.8871697551383201,35,,
plant_hour,__all__,ewp:당진화력수상태양광,0,all,all,0.0016272914305555553,0.005028046636666666,0.9068367053007484,36,,
plant_hour,__all__,ewp:당진화력수상태양광,1,all,all,0.0016337518000000002,0.0055870330969444455,0.9574051897316118,36,,
plant_hour,__all__,ewp:당진화력수상태양광,2,all,all,0.0016223282361111113,0.005743767684166667,0.9670890118945412,36,,
plant_hour,__all__,ewp:당진화력수상태양광,3,all,all,0.001614925386111111,0.005356097420833333,1.0,36,,
plant_hour,__all__,ewp:당진화력수상태양광,4,all,all,0.0015894767444444445,0.006619253102222224,1.0,36,,
plant_hour,__all__,ewp:당진화력수상태양광,5,all,all,0.0015308485638888887,0.009644748419444443,1.0,36,,
plant_hour,__all__,ewp:당진화력수상태양광,6,all,all,0.0018201751519444445,0.009916855229722223,1.0,36,,
plant_hour,__all__,ewp:당진화력수상태양광,7,all,all,0.008335707588888887,0.019051451541666667,1.0,36,,
plant_hour,__all__,ewp:당진화력수상태양광,8,all,all,0.04687840427777777,0.04812061063888889,0.7312440599820276,36,,
plant_hour,__all__,ewp:당진화력수상태양광,9,all,all,0.07497000419444445,0.09734804388888889,0.9333647286169617,36,,
plant_hour,__all__,ewp:당진화력수상태양광,10,all,all,0.10921909083333331,0.11739590230555558,0.6918768906105277,36,,
plant_hour,__all__,ewp:당진화력수상태양광,11,all,all,0.12243800444444441,0.1291729584722222,0.7934993772738927,36,,
plant_hour,__all__,ewp:당진화력수상태양광,12,all,all,0.12425508811428568,0.13040243000000004,0.5685606307966511,35,,
plant_hour,__all__,ewp:당진화력수상태양광,13,all,all,0.11161438582857143,0.09661353865714285,0.23100287961211208,35,,
plant_hour,__all__,ewp:당진화력수상태양광,14,all,all,0.09776401085714286,0.0942795762,0.3513745486088583,35,,
plant_hour,__all__,ewp:당진화력수상태양광,15,all,all,0.06998141502857143,0.07587347166171428,0.5421231229805915,35,,
plant_hour,__all__,ewp:당진화력수상태양광,16,all,all,0.0355357282,0.04320954081428572,1.0,35,,
plant_hour,__all__,ewp:당진화력수상태양광,17,all,all,0.008513275525714285,0.014323228442571431,0.8337403323791933,35,,
plant_hour,__all__,ewp:당진화력수상태양광,18,all,all,0.005316944101428572,0.013232232885714285,0.8145123014199702,35,,
plant_hour,__all__,ewp:당진화력수상태양광,19,all,all,0.0028420339248571426,0.008638737838285712,0.8478308142613356,35,,
plant_hour,__all__,ewp:당진화력수상태양광,20,all,all,0.0009548032623714285,0.005406313296285715,1.0,35,,
plant_hour,__all__,ewp:당진화력수상태양광,21,all,all,0.0016494943657142857,0.007577897814085713,1.0,35,,
plant_hour,__all__,ewp:당진화력수상태양광,22,all,all,0.0016684862914285714,0.004739786048571428,1.0,35,,
plant_hour,__all__,ewp:당진화력수상태양광,23,all,all,0.0016966228085714286,0.003643958050142857,0.8750201336595097,35,,
plant_hour,__all__,ewp:동해 바이오 연료저장고 지붕태양광,0,all,all,0.0013653846102777778,0.01242119658611111,0.9898757674000255,36,,
plant_hour,__all__,ewp:동해 바이오 연료저장고 지붕태양광,1,all,all,0.0013454220291666667,0.010259455316399999,0.9965251515722925,36,,
plant_hour,__all__,ewp:동해 바이오 연료저장고 지붕태양광,2,all,all,0.0013781477497222224,0.011518626595000001,1.0,36,,
plant_hour,__all__,ewp:동해 바이오 연료저장고 지붕태양광,3,all,all,0.001279971003,0.010775728323055556,1.0,36,,
plant_hour,__all__,ewp:동해 바이오 연료저장고 지붕태양광,4,all,all,0.0013129541686111113,0.011139951676097222,1.0,36,,
plant_hour,__all__,ewp:동해 바이오 연료저장고 지붕태양광,5,all,all,0.0014017975344444442,0.013381280886666666,0.9743980599136688,36,,
plant_hour,__all__,ewp:동해 바이오 연료저장고 지붕태양광,6,all,all,0.0016130437666666668,0.009952166880555556,0.9664087404416059,36,,
plant_hour,__all__,ewp:동해 바이오 연료저장고 지붕태양광,7,all,all,0.010942636111111112,0.015187386841666666,0.7065565941548769,36,,
plant_hour,__all__,ewp:동해 바이오 연료저장고 지붕태양광,8,all,all,0.03536542519444444,0.05899738294722223,0.736731145107493,36,,
plant_hour,__all__,ewp:동해 바이오 연료저장고 지붕태양광,9,all,all,0.05052016994444444,0.1089260550761111,0.915300784714115,36,,
plant_hour,__all__,ewp:동해 바이오 연료저장고 지붕태양광,10,all,all,0.07084673033333333,0.15999478818055557,0.991385003292342,36,,
plant_hour,__all__,ewp:동해 바이오 연료저장고 지붕태양광,11,all,all,0.07431570727777778,0.19504187159750005,1.0,36,,
plant_hour,__all__,ewp:동해 바이오 연료저장고 지붕태양광,12,all,all,0.0668489246,0.19370048016285712,1.0,35,,
plant_hour,__all__,ewp:동해 바이오 연료저장고 지붕태양광,13,all,all,0.09564615442857143,0.18783351142857144,0.8936180091078204,35,,
plant_hour,__all__,ewp:동해 바이오 연료저장고 지붕태양광,14,all,all,0.0824450144,0.17742785859142857,0.8016209580678215,35,,
plant_hour,__all__,ewp:동해 바이오 연료저장고 지붕태양광,15,all,all,0.1127561657142857,0.10224832559714285,0.4476023745003625,35,,
plant_hour,__all__,ewp:동해 바이오 연료저장고 지붕태양광,16,all,all,0.1902626009142857,0.03271679136,0.13177479382958365,35,,
plant_hour,__all__,ewp:동해 바이오 연료저장고 지붕태양광,17,all,all,0.019921879921428572,0.02849535874857143,0.8746495650963001,35,,
plant_hour,__all__,ewp:동해 바이오 연료저장고 지붕태양광,18,all,all,0.1918101258,0.060046214337142856,0.0,35,,
plant_hour,__all__,ewp:동해 바이오 연료저장고 지붕태양광,19,all,all,0.0038374372785714285,0.03571900265142858,1.0,35,,
plant_hour,__all__,ewp:동해 바이오 연료저장고 지붕태양광,20,all,all,0.005248622037142857,0.03482538838857143,0.9210406188651413,35,,
plant_hour,__all__,ewp:동해 바이오 연료저장고 지붕태양광,21,all,all,0.00745083247417143,0.022969585654142862,0.8668408349593834,35,,
plant_hour,__all__,ewp:동해 바이오 연료저장고 지붕태양광,22,all,all,0.0009393464774285713,0.011018707036857141,1.0,35,,
plant_hour,__all__,ewp:동해 바이오 연료저장고 지붕태양광,23,all,all,0.0013733465271428575,0.011332310103999998,0.9794523640461335,35,,
plant_hour,__all__,ewp:동해바이오화력본부 태양광,0,all,all,0.0012919591491666667,0.011484358006111108,0.9959923808380017,36,,
plant_hour,__all__,ewp:동해바이오화력본부 태양광,1,all,all,0.0012945558262499998,0.010141145054861113,0.9968074853814969,36,,
plant_hour,__all__,ewp:동해바이오화력본부 태양광,2,all,all,0.0013141658234722222,0.012269477894444445,1.0,36,,
plant_hour,__all__,ewp:동해바이오화력본부 태양광,3,all,all,0.0012219845131944446,0.012108363231388888,1.0,36,,
plant_hour,__all__,ewp:동해바이오화력본부 태양광,4,all,all,0.0012248536525,0.0117969902075,1.0,36,,
plant_hour,__all__,ewp:동해바이오화력본부 태양광,5,all,all,0.0011539590597222222,0.013198974254166667,0.9931423443673889,36,,
plant_hour,__all__,ewp:동해바이오화력본부 태양광,6,all,all,0.002458337091666667,0.010425053458333335,0.9702104032252675,36,,
plant_hour,__all__,ewp:동해바이오화력본부 태양광,7,all,all,0.021444156274999997,0.02753518159888889,0.8727424514293083,36,,
plant_hour,__all__,ewp:동해바이오화력본부 태양광,8,all,all,0.07367059680555554,0.14622951687222224,1.0,36,,
plant_hour,__all__,ewp:동해바이오화력본부 태양광,9,all,all,0.1451986981388889,0.2920624656944445,1.0,36,,
plant_hour,__all__,ewp:동해바이오화력본부 태양광,10,all,all,0.19807853843611112,0.05874818835555556,0.0,36,,
plant_hour,__all__,ewp:동해바이오화력본부 태양광,11,all,all,0.05849009363888891,0.05968532914333333,0.8209507169757847,36,,
plant_hour,__all__,ewp:동해바이오화력본부 태양광,12,all,all,0.04608256437142857,0.047542347257142854,0.8530416633706691,35,,
plant_hour,__all__,ewp:동해바이오화력본부 태양광,13,all,all,0.07091385294285715,0.043169177209428575,0.26912380720027107,35,,
plant_hour,__all__,ewp:동해바이오화력본부 태양광,14,all,all,0.09322602297142857,0.04004944117008571,0.16119796007577392,35,,
plant_hour,__all__,ewp:동해바이오화력본부 태양광,15,all,all,0.18438102182857147,0.04366294375428571,0.0,35,,
plant_hour,__all__,ewp:동해바이오화력본부 태양광,16,all,all,0.19435625800000003,0.03738575735142857,0.09083829842944746,35,,
plant_hour,__all__,ewp:동해바이오화력본부 태양광,17,all,all,0.9249497117714285,0.7216251159428572,0.0,35,,
plant_hour,__all__,ewp:동해바이오화력본부 태양광,18,all,all,0.40137855699999997,0.37796039365714285,0.39318362505265836,35,,
plant_hour,__all__,ewp:동해바이오화력본부 태양광,19,all,all,0.4447321995714285,0.28940848117142853,0.0,35,,
plant_hour,__all__,ewp:동해바이오화력본부 태양광,20,all,all,0.2798440145714286,0.12787304556285717,0.0,35,,
plant_hour,__all__,ewp:동해바이오화력본부 태양광,21,all,all,0.06345875799999999,0.03540176876857143,0.03344652615635931,35,,
plant_hour,__all__,ewp:동해바이오화력본부 태양광,22,all,all,0.001246516606,0.01270150800942857,0.9561992325957932,35,,
plant_hour,__all__,ewp:동해바이오화력본부 태양광,23,all,all,0.0012864700234285716,0.010664015121914287,0.9990161192049861,35,,
plant_hour,__all__,ewp:울산태양광#1,0,all,all,0.0012611941969444442,0.009781680113888889,0.9568665178936098,36,,
plant_hour,__all__,ewp:울산태양광#1,1,all,all,0.0013595268808333334,0.009877092358333332,0.9632233253396503,36,,
plant_hour,__all__,ewp:울산태양광#1,2,all,all,0.0013504807625,0.008982149236944443,0.9923345296783007,36,,
plant_hour,__all__,ewp:울산태양광#1,3,all,all,0.0013489670283333333,0.009390668796666666,0.9892864739331273,36,,
plant_hour,__all__,ewp:울산태양광#1,4,all,all,0.0013056613755555555,0.009173180499680557,0.9688400113289016,36,,
plant_hour,__all__,ewp:울산태양광#1,5,all,all,0.0012793688416666666,0.011196976754166666,0.939368547433452,36,,
plant_hour,__all__,ewp:울산태양광#1,6,all,all,0.001465785006388889,0.009879800768888888,0.9581841869511708,36,,
plant_hour,__all__,ewp:울산태양광#1,7,all,all,0.009260470255555556,0.013467466455000002,0.8106737087370556,36,,
plant_hour,__all__,ewp:울산태양광#1,8,all,all,0.021773272055555556,0.02560132171666667,0.6033074796693657,36,,
plant_hour,__all__,ewp:울산태양광#1,9,all,all,0.03509729915277778,0.04378642487777778,0.6724964590452475,36,,
plant_hour,__all__,ewp:울산태양광#1,10,all,all,0.04081829120277777,0.040291945324999995,0.41536250751274856,36,,
plant_hour,__all__,ewp:울산태양광#1,11,all,all,0.06023620919444444,0.05146183279444445,0.3853345907025125,36,,
plant_hour,__all__,ewp:울산태양광#1,12,all,all,0.06439016554285713,0.05077085777142856,0.2362188632128013,35,,
plant_hour,__all__,ewp:울산태양광#1,13,all,all,0.04182063651428571,0.046249943828571435,0.6269433695098462,35,,
plant_hour,__all__,ewp:울산태양광#1,14,all,all,0.04722167642857143,0.05054793214285714,0.60117560026834,35,,
plant_hour,__all__,ewp:울산태양광#1,15,all,all,0.04030098886285714,0.033088231228571435,0.38644495663817224,35,,
plant_hour,__all__,ewp:울산태양광#1,16,all,all,0.024530154785714287,0.028803694788571425,0.5992838783137211,35,,
plant_hour,__all__,ewp:울산태양광#1,17,all,all,0.007061755067142857,0.03182566183714285,0.944759991341794,35,,
plant_hour,__all__,ewp:울산태양광#1,18,all,all,0.007652732620285715,0.024378357808571432,0.8105203467900787,35,,
plant_hour,__all__,ewp:울산태양광#1,19,all,all,0.0019344682174285714,0.02350036435142857,0.9505963727589427,35,,
plant_hour,__all__,ewp:울산태양광#1,20,all,all,0.0006654588067428572,0.013236660614571431,0.9801534631395231,35,,
plant_hour,__all__,ewp:울산태양광#1,21,all,all,0.0012909573954285713,0.010791385117142857,0.9405687447573626,35,,
plant_hour,__all__,ewp:울산태양광#1,22,all,all,0.001240041911142857,0.009200204329714287,0.9355672314566441,35,,
plant_hour,__all__,ewp:울산태양광#1,23,all,all,0.00127219714,0.005778052182542856,0.9004090313227381,35,,
plant_hour,__all__,koen:경상대태양광,0,all,all,0.001564629838888889,0.0060359702855555565,0.9029974003756098,36,,
plant_hour,__all__,koen:경상대태양광,1,all,all,0.0015691603527777777,0.006631844566666666,0.9370909923802396,36,,
plant_hour,__all__,koen:경상대태양광,2,all,all,0.0015944548916666666,0.006872283934999999,0.9748924121062055,36,,
plant_hour,__all__,koen:경상대태양광,3,all,all,0.0016136897916666669,0.007124967041666668,1.0,36,,
plant_hour,__all__,koen:경상대태양광,4,all,all,0.0016002323833333332,0.007559595814999999,1.0,36,,
plant_hour,__all__,koen:경상대태양광,5,all,all,0.0015614545563888888,0.008980623529722221,0.9537975347265886,36,,
plant_hour,__all__,koen:경상대태양광,6,all,all,0.0020683599330555556,0.00801204597111111,0.9200110032998922,36,,
plant_hour,__all__,koen:경상대태양광,7,all,all,0.010557238861111111,0.013542585924166668,0.8270939661215527,36,,
plant_hour,__all__,koen:경상대태양광,8,all,all,0.02968679072222223,0.057974394091666666,1.0,36,,
plant_hour,__all__,koen:경상대태양광,9,all,all,0.03617360016666667,0.0762773576861111,0.8060566519852654,36,,
plant_hour,__all__,koen:경상대태양광,10,all,all,0.05802749944444444,0.08308368311111111,0.7540609981773181,36,,
plant_hour,__all__,koen:경상대태양광,11,all,all,0.06391182083333334,0.0829004376388889,0.8027344120177273,36,,
plant_hour,__all__,koen:경상대태양광,12,all,all,0.05946518468571428,0.0622371537142857,0.6613148917080727,35,,
plant_hour,__all__,koen:경상대태양광,13,all,all,0.08067347,0.07699165777142856,0.4574692141593242,35,,
plant_hour,__all__,koen:경상대태양광,14,all,all,0.06092922957142858,0.0733416962857143,0.5891501967474868,35,,
plant_hour,__all__,koen:경상대태양광,15,all,all,0.04158434171428571,0.05980852951428572,0.6168538425591574,35,,
plant_hour,__all__,koen:경상대태양광,16,all,all,0.01912378671714286,0.027150373282857142,0.7375169155021705,35,,
plant_hour,__all__,koen:경상대태양광,17,all,all,0.004718126677142858,0.012508629123142857,0.8701897981045683,35,,
plant_hour,__all__,koen:경상대태양광,18,all,all,0.0032617082503714288,0.016059810757714288,0.8768066028258905,35,,
plant_hour,__all__,koen:경상대태양광,19,all,all,0.0025007725002857144,0.01127286384657143,0.8877293551203831,35,,
plant_hour,__all__,koen:경상대태양광,20,all,all,0.0009990632859999998,0.00663913749,0.991967700493553,35,,
plant_hour,__all__,koen:경상대태양광,21,all,all,0.0015627590914285715,0.005738420976424001,0.9117632327921842,35,,
plant_hour,__all__,koen:경상대태양광,22,all,all,0.0015916629342857143,0.006320866490857144,0.9025785545481836,35,,
plant_hour,__all__,koen:경상대태양광,23,all,all,0.0016265076800000002,0.0057357439242857145,0.8864481315982344,35,,
plant_hour,__all__,koen:광양항세방태양광,0,all,all,0.0012875560933333335,0.004262902676277779,0.9042725176641158,36,,
plant_hour,__all__,koen:광양항세방태양광,1,all,all,0.0013049199730555557,0.004609968935555555,0.9440938928103454,36,,
plant_hour,__all__,koen:광양항세방태양광,2,all,all,0.0012780404047222226,0.005486199416997221,0.9467634785512505,36,,
plant_hour,__all__,koen:광양항세방태양광,3,all,all,0.0013058872075000002,0.005707843397777777,0.968393865976142,36,,
plant_hour,__all__,koen:광양항세방태양광,4,all,all,0.001288808250277778,0.006683838849916667,1.0,36,,
plant_hour,__all__,koen:광양항세방태양광,5,all,all,0.001203461729916667,0.008432230239388888,0.9964914318742448,36,,
plant_hour,__all__,koen:광양항세방태양광,6,all,all,0.002375234079166667,0.01073273201388889,1.0,36,,
plant_hour,__all__,koen:광양항세방태양광,7,all,all,0.028907051555555556,0.04220663037222222,1.0,36,,
plant_hour,__all__,koen:광양항세방태양광,8,all,all,0.07577325694444445,0.12572293675000001,1.0,36,,
plant_hour,__all__,koen:광양항세방태양광,9,all,all,0.20225447388888887,0.1808252161111111,0.42806820948406626,36,,
plant_hour,__all__,koen:광양항세방태양광,10,all,all,0.25911945999999997,0.2671795075,0.5585042307845567,36,,
plant_hour,__all__,koen:광양항세방태양광,11,all,all,0.2953906363888889,0.2631851977777778,0.4174918381657254,36,,
plant_hour,__all__,koen:광양항세방태양광,12,all,all,0.28213939085714285,0.23955708314285715,0.17124987768479122,35,,
plant_hour,__all__,koen:광양항세방태양광,13,all,all,0.25763781771428573,0.21258047542857145,0.14280012229194178,35,,
plant_hour,__all__,koen:광양항세방태양광,14,all,all,0.2529210634285715,0.21782313914285717,0.49248609183844555,35,,
plant_hour,__all__,koen:광양항세방태양광,15,all,all,0.14991378894285715,0.21140604382857145,0.7867850485054552,35,,
plant_hour,__all__,koen:광양항세방태양광,16,all,all,0.09024461771428573,0.11115432374285715,0.5371792213029399,35,,
plant_hour,__all__,koen:광양항세방태양광,17,all,all,0.024937450302857142,0.02053245281714286,0.38564853610279487,35,,
plant_hour,__all__,koen:광양항세방태양광,18,all,all,0.03375179178,0.017285434728571428,0.2727082660085421,35,,
plant_hour,__all__,koen:광양항세방태양광,19,all,all,0.005170881702857143,0.013596842977142856,0.8854881425958959,35,,
plant_hour,__all__,koen:광양항세방태양광,20,all,all,0.0020889973597142853,0.00511937658,0.9190009078256388,35,,
plant_hour,__all__,koen:광양항세방태양광,21,all,all,0.0020698684742857148,0.004206577399951428,0.7550795312906242,35,,
plant_hour,__all__,koen:광양항세방태양광,22,all,all,0.001285537138857143,0.004850354378285714,0.8581870292665382,35,,
plant_hour,__all__,koen:광양항세방태양광,23,all,all,0.0013042347294285716,0.0035001499262,0.8556893054154259,35,,
plant_hour,__all__,koen:구미정수장,0,all,all,0.0016052261555555556,0.005232234842222221,0.9094092884737044,36,,
plant_hour,__all__,koen:구미정수장,1,all,all,0.0016211151083333334,0.005745218014111111,0.9512764571374486,36,,
plant_hour,__all__,koen:구미정수장,2,all,all,0.0016246492472222224,0.006747136521388889,0.9918420615078791,36,,
plant_hour,__all__,koen:구미정수장,3,all,all,0.0016050436611111112,0.005907975108055555,1.0,36,,
plant_hour,__all__,koen:구미정수장,4,all,all,0.0015595300833333335,0.006478195416944444,1.0,36,,
plant_hour,__all__,koen:구미정수장,5,all,all,0.0015472340694444443,0.00760925143388889,0.9566631711096397,36,,
plant_hour,__all__,koen:구미정수장,6,all,all,0.0020774542805555556,0.008515446466305554,0.9773723450000075,36,,
plant_hour,__all__,koen:구미정수장,7,all,all,0.012039503,0.0127925678,0.6877854191792988,36,,
plant_hour,__all__,koen:구미정수장,8,all,all,0.042983539805555554,0.049003826,0.8702621209177216,36,,
plant_hour,__all__,koen:구미정수장,9,all,all,0.07150182388888889,0.0759874403611111,0.5778551014247538,36,,
plant_hour,__all__,koen:구미정수장,10,all,all,0.1064678151388889,0.09143408333333332,0.0,36,,
plant_hour,__all__,koen:구미정수장,11,all,all,0.10995682791666667,0.11309027777777778,0.519309288403172,36,,
plant_hour,__all__,koen:구미정수장,12,all,all,0.09119352842857142,0.10440899594285713,1.0,35,,
plant_hour,__all__,koen:구미정수장,13,all,all,0.08239802085714286,0.08637738982857143,0.7500324394014722,35,,
plant_hour,__all__,koen:구미정수장,14,all,all,0.07200953788571425,0.09221201948571428,0.7953990267388161,35,,
plant_hour,__all__,koen:구미정수장,15,all,all,0.05415245017142857,0.07376031594285715,0.8899657196648301,35,,
plant_hour,__all__,koen:구미정수장,16,all,all,0.040755934171428566,0.050761889683714284,1.0,35,,
plant_hour,__all__,koen:구미정수장,17,all,all,0.009440005665714285,0.02428431677428572,0.8598585720047363,35,,
plant_hour,__all__,koen:구미정수장,18,all,all,0.004716071914371428,0.016128970052857145,0.9091485347778275,35,,
plant_hour,__all__,koen:구미정수장,19,all,all,0.002580674131428572,0.02090028696771429,0.9608483296039741,35,,
plant_hour,__all__,koen:구미정수장,20,all,all,0.0010220317497142855,0.014235746792285713,1.0,35,,
plant_hour,__all__,koen:구미정수장,21,all,all,0.0015873325114285715,0.00873010252514286,0.9913531887017913,35,,
plant_hour,__all__,koen:구미정수장,22,all,all,0.0015778551485714286,0.005370130725065715,0.9494732396629951,35,,
plant_hour,__all__,koen:구미정수장,23,all,all,0.0015941936542857142,0.004416146451428571,0.8469876646679944,35,,
plant_hour,__all__,koen:해창만 수상(98MW),0,all,all,0.0029650518444444443,0.016571142624999997,1.0,36,,
plant_hour,__all__,koen:해창만 수상(98MW),1,all,all,0.002895059641666667,0.016596198875,1.0,36,,
plant_hour,__all__,koen:해창만 수상(98MW),2,all,all,0.0030745774305555554,0.016332050155555552,1.0,36,,
plant_hour,__all__,koen:해창만 수상(98MW),3,all,all,0.002827853013888889,0.017881376914722222,1.0,36,,
plant_hour,__all__,koen:해창만 수상(98MW),4,all,all,0.0028649613944444446,0.02173364813222222,1.0,36,,
plant_hour,__all__,koen:해창만 수상(98MW),5,all,all,0.009424926252777776,0.033231251077777774,1.0,36,,
plant_hour,__all__,koen:해창만 수상(98MW),6,all,all,0.049433256611111115,0.0862119994686111,0.9782726185342898,36,,
plant_hour,__all__,koen:해창만 수상(98MW),7,all,all,1.0496089252777778,1.6268655777777778,0.8646383476100913,36,,
plant_hour,__all__,koen:해창만 수상(98MW),8,all,all,2.766350138888889,3.919971504166667,0.9887710936165155,36,,
plant_hour,__all__,koen:해창만 수상(98MW),9,all,all,5.253176472222222,5.359016969444444,0.5801954997014122,36,,
plant_hour,__all__,koen:해창만 수상(98MW),10,all,all,5.522852333333333,5.078152919444444,0.36891152503316904,36,,
plant_hour,__all__,koen:해창만 수상(98MW),11,all,all,7.5282588611111105,6.943100486111111,0.4952277277140007,36,,
plant_hour,__all__,koen:해창만 수상(98MW),12,all,all,8.096375742857145,7.7699587942857145,0.6100502775998679,35,,
plant_hour,__all__,koen:해창만 수상(98MW),13,all,all,6.078116834285715,5.843956285714286,0.5213989521758335,35,,
plant_hour,__all__,koen:해창만 수상(98MW),14,all,all,7.1858207714285705,7.056156057142856,0.4245524886883332,35,,
plant_hour,__all__,koen:해창만 수상(98MW),15,all,all,5.5890827285714275,5.772351562857143,0.5899973665046181,35,,
plant_hour,__all__,koen:해창만 수상(98MW),16,all,all,2.2616093971428572,3.021630333428571,0.8615701045931851,35,,
plant_hour,__all__,koen:해창만 수상(98MW),17,all,all,0.7483897878285714,0.47454948335714287,0.21551582048111115,35,,
plant_hour,__all__,koen:해창만 수상(98MW),18,all,all,0.3970591471948571,0.2288210076697143,0.0,35,,
plant_hour,__all__,koen:해창만 수상(98MW),19,all,all,0.0047895940485714284,0.09810363453000001,0.9816862329772877,35,,
plant_hour,__all__,koen:해창만 수상(98MW),20,all,all,0.003092510303714286,0.018399339888571432,0.9826230198767025,35,,
plant_hour,__all__,koen:해창만 수상(98MW),21,all,all,0.004747631742857143,0.014184901483142859,1.0,35,,
plant_hour,__all__,koen:해창만 수상(98MW),22,all,all,0.0029061181457142853,0.015561003406285714,1.0,35,,
plant_hour,__all__,koen:해창만 수상(98MW),23,all,all,0.002930938302857143,0.015286685760571427,1.0,35,,
plant_hour,__all__,kospo:다송리,0,all,all,0.001638675125,0.005287096735333333,0.931991271091386,36,,
plant_hour,__all__,kospo:다송리,1,all,all,0.0015829615083333335,0.0055839874369444445,0.9608094236724072,36,,
plant_hour,__all__,kospo:다송리,2,all,all,0.0015764899222222223,0.006535636860277778,1.0,36,,
plant_hour,__all__,kospo:다송리,3,all,all,0.0016080493833333335,0.007877860592777779,1.0,36,,
plant_hour,__all__,kospo:다송리,4,all,all,0.0016126386597222224,0.008401845829166666,1.0,36,,
plant_hour,__all__,kospo:다송리,5,all,all,0.001528076533333333,0.011519191174583332,1.0,36,,
plant_hour,__all__,kospo:다송리,6,all,all,0.0018946336527777775,0.010164306403888889,1.0,36,,
plant_hour,__all__,kospo:다송리,7,all,all,0.013593458486111109,0.02249638923111111,1.0,36,,
plant_hour,__all__,kospo:다송리,8,all,all,0.04426555555555555,0.07108331358333334,0.9339142705156175,36,,
plant_hour,__all__,kospo:다송리,9,all,all,0.07338633722222224,0.1132445136111111,0.8683644771697954,36,,
plant_hour,__all__,kospo:다송리,10,all,all,0.09530169444444445,0.14554143388888885,0.8188298795764936,36,,
plant_hour,__all__,kospo:다송리,11,all,all,0.09015695524999999,0.16150042055555555,0.8041216901265066,36,,
plant_hour,__all__,kospo:다송리,12,all,all,0.08184855182857143,0.15963553742857145,0.8384518217783428,35,,
plant_hour,__all__,kospo:다송리,13,all,all,0.05945125228571429,0.141284354,1.0,35,,
plant_hour,__all__,kospo:다송리,14,all,all,0.06526838971428572,0.10705870685714286,1.0,35,,
plant_hour,__all__,kospo:다송리,15,all,all,0.054433965828571435,0.08156226171428572,0.9812275056658252,35,,
plant_hour,__all__,kospo:다송리,16,all,all,0.02356311397142857,0.03894366137142857,0.8743295200460833,35,,
plant_hour,__all__,kospo:다송리,17,all,all,0.00511054855142857,0.02107218711142857,1.0,35,,
plant_hour,__all__,kospo:다송리,18,all,all,0.004675124964285714,0.012254808624285714,0.8186774702160803,35,,
plant_hour,__all__,kospo:다송리,19,all,all,0.0026830850225714287,0.007880020129142858,0.8895971501769784,35,,
plant_hour,__all__,kospo:다송리,20,all,all,0.0011456094959999999,0.008378142125714286,1.0,35,,
plant_hour,__all__,kospo:다송리,21,all,all,0.001592349865714286,0.006783551001657143,1.0,35,,
plant_hour,__all__,kospo:다송리,22,all,all,0.0016124085342857145,0.003916016676942856,0.947945122119184,35,,
plant_hour,__all__,kospo:다송리,23,all,all,0.0015960809485714286,0.003586842353428572,0.8311102293079177,35,,
plant_hour,__all__,kospo:신풍리 태양광(제주),0,all,all,0.0016470511305555556,0.005966245315833333,1.0,36,,
plant_hour,__all__,kospo:신풍리 태양광(제주),1,all,all,0.0016364791583333334,0.006651802144444445,1.0,36,,
plant_hour,__all__,kospo:신풍리 태양광(제주),2,all,all,0.0016353962361111112,0.008879945452777779,1.0,36,,
plant_hour,__all__,kospo:신풍리 태양광(제주),3,all,all,0.0016763524194444443,0.009109926735,1.0,36,,
plant_hour,__all__,kospo:신풍리 태양광(제주),4,all,all,0.0013878289141666664,0.009254673254444443,0.9875333070080842,36,,
plant_hour,__all__,kospo:신풍리 태양광(제주),5,all,all,0.0013196228125,0.010614392658333334,0.9514236023200149,36,,
plant_hour,__all__,kospo:신풍리 태양광(제주),6,all,all,0.0023252248949999998,0.012230026862777778,0.9225072829154474,36,,
plant_hour,__all__,kospo:신풍리 태양광(제주),7,all,all,0.017460174583333335,0.021535004669444444,0.7643476510217408,36,,
plant_hour,__all__,kospo:신풍리 태양광(제주),8,all,all,0.06919208033333334,0.07308994229444445,0.8100294605834212,36,,
plant_hour,__all__,kospo:신풍리 태양광(제주),9,all,all,0.0981284528611111,0.08860396966666667,0.249670983528707,36,,
plant_hour,__all__,kospo:신풍리 태양광(제주),10,all,all,0.10952469522222223,0.12078414919444445,0.9746044709257579,36,,
plant_hour,__all__,kospo:신풍리 태양광(제주),11,all,all,0.14589963805555559,0.15520003616666667,1.0,36,,
plant_hour,__all__,kospo:신풍리 태양광(제주),12,all,all,0.12476643697142857,0.1213188244,0.44435417991744836,35,,
plant_hour,__all__,kospo:신풍리 태양광(제주),13,all,all,0.13367782045714285,0.12893530074285714,0.637613126675472,35,,
plant_hour,__all__,kospo:신풍리 태양광(제주),14,all,all,0.11676857314285716,0.12060157265714284,0.7388284823915219,35,,
plant_hour,__all__,kospo:신풍리 태양광(제주),15,all,all,0.07071379374285715,0.08696296554285715,0.7883401340320279,35,,
plant_hour,__all__,kospo:신풍리 태양광(제주),16,all,all,0.03812734762857143,0.03584234005714286,0.38051242052287443,35,,
plant_hour,__all__,kospo:신풍리 태양광(제주),17,all,all,0.006827781496285715,0.019368179274285715,0.854708471137862,35,,
plant_hour,__all__,kospo:신풍리 태양광(제주),18,all,all,0.007854727006285714,0.018770458068571427,0.7591397418910639,35,,
plant_hour,__all__,kospo:신풍리 태양광(제주),19,all,all,0.002422474331428571,0.011054069692571427,0.8828775732464589,35,,
plant_hour,__all__,kospo:신풍리 태양광(제주),20,all,all,0.001133993334,0.009595872739594287,0.9904086869444543,35,,
plant_hour,__all__,kospo:신풍리 태양광(제주),21,all,all,0.00163693318,0.007216993390857143,0.9627712006553372,35,,
plant_hour,__all__,kospo:신풍리 태양광(제주),22,all,all,0.0016237537571428572,0.005764181268571428,0.9145708992898726,35,,
plant_hour,__all__,kospo:신풍리 태양광(제주),23,all,all,0.0016381482600000001,0.005792170772285714,1.0,35,,
plant_hour,__all__,kospo:영월철도부지,0,all,all,0.0015008832877777775,0.008710152575,0.9469576426074024,36,,
plant_hour,__all__,kospo:영월철도부지,1,all,all,0.0015128878944444444,0.0094844649,0.9533470690641395,36,,
plant_hour,__all__,kospo:영월철도부지,2,all,all,0.0015002680944444446,0.009484291118888887,0.9281585838486257,36,,
plant_hour,__all__,kospo:영월철도부지,3,all,all,0.001479622661111111,0.01004212928611111,0.9420178668968011,36,,
plant_hour,__all__,kospo:영월철도부지,4,all,all,0.0014414658666666664,0.008256935448055556,0.918270074107479,36,,
plant_hour,__all__,kospo:영월철도부지,5,all,all,0.0013295463580555555,0.00925347620138889,0.9456362188991511,36,,
plant_hour,__all__,kospo:영월철도부지,6,all,all,0.0021053445630555556,0.00996321739861111,0.9705058720989689,36,,
plant_hour,__all__,kospo:영월철도부지,7,all,all,0.017796807036111112,0.01819197520277778,0.695960969616609,36,,
plant_hour,__all__,kospo:영월철도부지,8,all,all,0.09159843527777778,0.07990619127777777,0.076753495615589,36,,
plant_hour,__all__,kospo:영월철도부지,9,all,all,0.15052367944444445,0.1383885445833333,0.25022587009736436,36,,
plant_hour,__all__,kospo:영월철도부지,10,all,all,0.1739183186111111,0.13109862305555556,0.0,36,,
plant_hour,__all__,kospo:영월철도부지,11,all,all,0.14667911888888888,0.12908471944444444,0.0,36,,
plant_hour,__all__,kospo:영월철도부지,12,all,all,0.1431914511428571,0.13092554199999998,0.0,35,,
plant_hour,__all__,kospo:영월철도부지,13,all,all,0.11926107771428573,0.11218759657142859,0.0,35,,
plant_hour,__all__,kospo:영월철도부지,14,all,all,0.095138333,0.09609258285714284,0.6195717326537106,35,,
plant_hour,__all__,kospo:영월철도부지,15,all,all,0.04821794382857143,0.06033951154285714,0.6645478190760099,35,,
plant_hour,__all__,kospo:영월철도부지,16,all,all,0.019878849742857144,0.02597968764971428,0.6463292129738764,35,,
plant_hour,__all__,kospo:영월철도부지,17,all,all,0.009466683288571429,0.021285126762857143,0.8284756107650268,35,,
plant_hour,__all__,kospo:영월철도부지,18,all,all,0.007549167917714285,0.01372042640902857,0.7082233855710969,35,,
plant_hour,__all__,kospo:영월철도부지,19,all,all,0.002738609205714286,0.008575162748000001,0.8609866847784121,35,,
plant_hour,__all__,kospo:영월철도부지,20,all,all,0.0011901594000000002,0.00834592317662857,0.910983215483248,35,,
plant_hour,__all__,kospo:영월철도부지,21,all,all,0.0014469184442857143,0.007140352873142857,0.8807655551699578,35,,
plant_hour,__all__,kospo:영월철도부지,22,all,all,0.0014979908302857144,0.00838816930294286,0.925163598500781,35,,
plant_hour,__all__,kospo:영월철도부지,23,all,all,0.0015107987085714284,0.008138571433428572,0.9439482475012919,35,,
plant_hour,__all__,kospo:이천D(백사면B),0,all,all,0.0015436560916666665,0.004119951710833333,0.9596696176543389,36,,
plant_hour,__all__,kospo:이천D(백사면B),1,all,all,0.0015324290333333334,0.004298440278722222,0.9793912293385076,36,,
plant_hour,__all__,kospo:이천D(백사면B),2,all,all,0.0014937546916666668,0.004657919204027777,0.9859720245174697,36,,
plant_hour,__all__,kospo:이천D(백사면B),3,all,all,0.0014603012194444444,0.005634350088861111,0.9896780052069041,36,,
plant_hour,__all__,kospo:이천D(백사면B),4,all,all,0.0014194032055555555,0.007038117278777779,1.0,36,,
plant_hour,__all__,kospo:이천D(백사면B),5,all,all,0.0014164758638888887,0.010088978526111111,0.9594794466025717,36,,
plant_hour,__all__,kospo:이천D(백사면B),6,all,all,0.0012433811905555557,0.010961339675000003,0.9873263455178899,36,,
plant_hour,__all__,kospo:이천D(백사면B),7,all,all,0.01847640101388889,0.017067795955555562,0.6361840296153698,36,,
plant_hour,__all__,kospo:이천D(백사면B),8,all,all,0.029255420111111114,0.052919189138888885,1.0,36,,
plant_hour,__all__,kospo:이천D(백사면B),9,all,all,0.04732560433333333,0.066756329,0.9566460825720563,36,,
plant_hour,__all__,kospo:이천D(백사면B),10,all,all,0.09005317583333333,0.06295982516666668,0.0,36,,
plant_hour,__all__,kospo:이천D(백사면B),11,all,all,0.08990622194444445,0.08723312972222223,0.8377832091787355,36,,
plant_hour,__all__,kospo:이천D(백사면B),12,all,all,0.09757956628571428,0.11538949754285716,1.0,35,,
plant_hour,__all__,kospo:이천D(백사면B),13,all,all,0.10796616885714286,0.12904021142857142,1.0,35,,
plant_hour,__all__,kospo:이천D(백사면B),14,all,all,0.08756685257142859,0.1226802178857143,1.0,35,,
plant_hour,__all__,kospo:이천D(백사면B),15,all,all,0.09705044077142858,0.13069515391428574,1.0,35,,
plant_hour,__all__,kospo:이천D(백사면B),16,all,all,0.04851017042857143,0.07359804868571429,1.0,35,,
plant_hour,__all__,kospo:이천D(백사면B),17,all,all,0.022557647925714283,0.02739416418142857,0.8483553738462244,35,,
plant_hour,__all__,kospo:이천D(백사면B),18,all,all,0.006669953248,0.009950261654285713,0.7260209126241055,35,,
plant_hour,__all__,kospo:이천D(백사면B),19,all,all,0.005331491167714286,0.010024858388857144,0.7323598711228503,35,,
plant_hour,__all__,kospo:이천D(백사면B),20,all,all,0.0007362426443714286,0.008314029664285714,1.0,35,,
plant_hour,__all__,kospo:이천D(백사면B),21,all,all,0.0014642913428571428,0.0053680633031428565,0.9128868134732756,35,,
plant_hour,__all__,kospo:이천D(백사면B),22,all,all,0.0015077110685714286,0.004523750714571428,0.8445766884121706,35,,
plant_hour,__all__,kospo:이천D(백사면B),23,all,all,0.0015388267628571428,0.0038335093382857147,0.8591491684181061,35,,
plant_hour,__all__,kospo:제주 용수리 태양광,0,all,all,0.0015871945831944444,0.005629293658055555,1.0,36,,
plant_hour,__all__,kospo:제주 용수리 태양광,1,all,all,0.0015841752898333335,0.00674312975361111,1.0,36,,
plant_hour,__all__,kospo:제주 용수리 태양광,2,all,all,0.001562819291777778,0.008421347454444445,1.0,36,,
plant_hour,__all__,kospo:제주 용수리 태양광,3,all,all,0.0015936528612222223,0.008444248018888888,1.0,36,,
plant_hour,__all__,kospo:제주 용수리 태양광,4,all,all,0.001424288226027778,0.0082178206575,0.9664188534815598,36,,
plant_hour,__all__,kospo:제주 용수리 태양광,5,all,all,0.0013878265113888887,0.01250326551025,0.968844648366007,36,,
plant_hour,__all__,kospo:제주 용수리 태양광,6,all,all,0.0021810275425,0.013951451342222223,0.9271297274535728,36,,
plant_hour,__all__,kospo:제주 용수리 태양광,7,all,all,0.014634388080277774,0.018534649843333334,0.7308022126649555,36,,
plant_hour,__all__,kospo:제주 용수리 태양광,8,all,all,0.03358531183333333,0.05526213447222223,1.0,36,,
plant_hour,__all__,kospo:제주 용수리 태양광,9,all,all,0.09082025219444444,0.10599405933333333,0.4078841026076593,36,,
plant_hour,__all__,kospo:제주 용수리 태양광,10,all,all,0.09861752019444443,0.12244105836111113,0.812486401130379,36,,
plant_hour,__all__,kospo:제주 용수리 태양광,11,all,all,0.14092975183333334,0.17613268222222225,0.8830213735376452,36,,
plant_hour,__all__,kospo:제주 용수리 태양광,12,all,all,0.1622201064857143,0.17665122411428572,0.6894695037811812,35,,
plant_hour,__all__,kospo:제주 용수리 태양광,13,all,all,0.14242961702857146,0.16987617485714285,0.8165589604797595,35,,
plant_hour,__all__,kospo:제주 용수리 태양광,14,all,all,0.11408506008571428,0.10917991311428572,0.43661765418603515,35,,
plant_hour,__all__,kospo:제주 용수리 태양광,15,all,all,0.08697118837142859,0.09614762125714285,0.9034384149742771,35,,
plant_hour,__all__,kospo:제주 용수리 태양광,16,all,all,0.05236818702857143,0.062060301457142864,0.8499354632320172,35,,
plant_hour,__all__,kospo:제주 용수리 태양광,17,all,all,0.020367642038,0.030528086878,1.0,35,,
plant_hour,__all__,kospo:제주 용수리 태양광,18,all,all,0.004736993044857142,0.01281331305685714,0.7934815158180959,35,,
plant_hour,__all__,kospo:제주 용수리 태양광,19,all,all,0.002685397536,0.00925445133142857,0.8990390144279883,35,,
plant_hour,__all__,kospo:제주 용수리 태양광,20,all,all,0.0011920651402857142,0.004771116833428572,0.9423643131572158,35,,
plant_hour,__all__,kospo:제주 용수리 태양광,21,all,all,0.0015629630209999998,0.0058075393774285715,0.8999636392121174,35,,
plant_hour,__all__,kospo:제주 용수리 태양광,22,all,all,0.0015926115247142855,0.004875039194,0.8736326600877038,35,,
plant_hour,__all__,kospo:제주 용수리 태양광,23,all,all,0.001599316722714286,0.004160244965085714,0.9824476781596095,35,,
plant_hour,__all__,krc:영암1차,0,all,all,0.0014824164194444443,0.004311458948305555,0.9011604184796701,36,,
plant_hour,__all__,krc:영암1차,1,all,all,0.0015014879027777778,0.004998666567222223,0.9565621471109784,36,,
plant_hour,__all__,krc:영암1차,2,all,all,0.0014678356655555553,0.00677224657513889,0.9838042265255975,36,,
plant_hour,__all__,krc:영암1차,3,all,all,0.0014481580099999997,0.00715851619488889,1.0,36,,
plant_hour,__all__,krc:영암1차,4,all,all,0.0014546584055555555,0.006875907366666666,1.0,36,,
plant_hour,__all__,krc:영암1차,5,all,all,0.0013932814616666668,0.007770611992222222,0.9516502257756437,36,,
plant_hour,__all__,krc:영암1차,6,all,all,0.002306574880555556,0.008747953259166668,0.9472873431054292,36,,
plant_hour,__all__,krc:영암1차,7,all,all,0.027083645972222223,0.02510981081388889,0.44027879432044803,36,,
plant_hour,__all__,krc:영암1차,8,all,all,0.07977559072222223,0.07025087691666668,0.4272477040076742,36,,
plant_hour,__all__,krc:영암1차,9,all,all,0.12486949027777777,0.14580034916666665,0.9011562102967215,36,,
plant_hour,__all__,krc:영암1차,10,all,all,0.1285471525,0.14165193277777777,0.7310624149912537,36,,
plant_hour,__all__,krc:영암1차,11,all,all,0.19537887916666663,0.17282040944444443,0.06953508665288523,36,,
plant_hour,__all__,krc:영암1차,12,all,all,0.17683744285714287,0.1643143651428572,0.31690443953449965,35,,
plant_hour,__all__,krc:영암1차,13,all,all,0.20998643885714285,0.16227348971428576,0.0,35,,
plant_hour,__all__,krc:영암1차,14,all,all,0.1593912391428571,0.1516773231714286,0.2996446118063485,35,,
plant_hour,__all__,krc:영암1차,15,all,all,0.12491942785714288,0.11985534971428571,0.47610263159430366,35,,
plant_hour,__all__,krc:영암1차,16,all,all,0.05647630408571428,0.05482222988571428,0.5324645619406635,35,,
plant_hour,__all__,krc:영암1차,17,all,all,0.012425964139999999,0.015016449808571428,0.6324129031211294,35,,
plant_hour,__all__,krc:영암1차,18,all,all,0.006168343374,0.014355679057142856,0.7172458447870537,35,,
plant_hour,__all__,krc:영암1차,19,all,all,0.00270560444,0.010380526030571428,0.8411669268508262,35,,
plant_hour,__all__,krc:영암1차,20,all,all,0.0012649436280000002,0.0053003933001142855,0.9969432816224529,35,,
plant_hour,__all__,krc:영암1차,21,all,all,0.0014839079817142854,0.0042171044225714285,0.9948548386249721,35,,
plant_hour,__all__,krc:영암1차,22,all,all,0.0014962879142857142,0.0034642738634285707,0.9224226940513134,35,,
plant_hour,__all__,krc:영암1차,23,all,all,0.0015104221857142857,0.0032292127922857144,0.8824443983372097,35,,
plant_hour,__all__,krc:영암2차,0,all,all,0.0014824164194444443,0.0043024470688888886,0.8985762362108289,36,,
plant_hour,__all__,krc:영암2차,1,all,all,0.0015014879027777778,0.005003497858055556,0.9527481433831898,36,,
plant_hour,__all__,krc:영암2차,2,all,all,0.0014678356655555553,0.0067312419075,0.9810321816174723,36,,
plant_hour,__all__,krc:영암2차,3,all,all,0.0014481580099999997,0.007093933723888888,1.0,36,,
plant_hour,__all__,krc:영암2차,4,all,all,0.0014546584055555555,0.006747210243333333,1.0,36,,
plant_hour,__all__,krc:영암2차,5,all,all,0.0013932814616666668,0.007846000298055555,0.9528226991171341,36,,
plant_hour,__all__,krc:영암2차,6,all,all,0.0023997141875000006,0.008638734041652777,0.923528619705173,36,,
plant_hour,__all__,krc:영암2차,7,all,all,0.024788929888888887,0.024234929833333335,0.5175182567765078,36,,
plant_hour,__all__,krc:영암2차,8,all,all,0.09881219030555556,0.08635849202777778,0.3702535167106045,36,,
plant_hour,__all__,krc:영암2차,9,all,all,0.15781933166666665,0.1537588869444444,0.6582993885766937,36,,
plant_hour,__all__,krc:영암2차,10,all,all,0.17254796916666668,0.1657248716666667,0.4766935060613743,36,,
plant_hour,__all__,krc:영암2차,11,all,all,0.18598936972222224,0.16542492194444444,0.4177727885588892,36,,
plant_hour,__all__,krc:영암2차,12,all,all,0.17491173085714284,0.16725879800000001,0.36674939180032706,35,,
plant_hour,__all__,krc:영암2차,13,all,all,0.1908286685714286,0.16003162457142858,0.08715563978718338,35,,
plant_hour,__all__,krc:영암2차,14,all,all,0.1792091497142857,0.1579463168571429,0.356230563587208,35,,
plant_hour,__all__,krc:영암2차,15,all,all,0.1294295596,0.12839630588571427,0.5476031231969325,35,,
plant_hour,__all__,krc:영암2차,16,all,all,0.07237108494285714,0.0691941272857143,0.27361280378739744,35,,
plant_hour,__all__,krc:영암2차,17,all,all,0.01249689798,0.015603347234285714,0.7082872281968962,35,,
plant_hour,__all__,krc:영암2차,18,all,all,0.0061249305030200004,0.013008130485714286,0.7037249883176275,35,,
plant_hour,__all__,krc:영암2차,19,all,all,0.002709398754285714,0.009948488585714288,0.8355732839557344,35,,
plant_hour,__all__,krc:영암2차,20,all,all,0.001318307337542857,0.005966046905542856,0.9940945673874403,35,,
plant_hour,__all__,krc:영암2차,21,all,all,0.0014839079817142854,0.004294331570285714,0.9862423367823895,35,,
plant_hour,__all__,krc:영암2차,22,all,all,0.0014962879142857142,0.0034886411060000002,0.9187101930530894,35,,
plant_hour,__all__,krc:영암2차,23,all,all,0.0015104221857142857,0.0031943789325714284,0.87936828763052,35,,
plant_hour,__all__,krc:율치,0,all,all,0.0016288597555555555,0.0053626580252777774,0.9267344923067345,36,,
plant_hour,__all__,krc:율치,1,all,all,0.0016402151083333336,0.005774520303611112,0.959907908985235,36,,
plant_hour,__all__,krc:율치,2,all,all,0.0016425213888888893,0.007377552511666667,0.9858403659621222,36,,
plant_hour,__all__,krc:율치,3,all,all,0.0016939161583333332,0.007320439596944444,1.0,36,,
plant_hour,__all__,krc:율치,4,all,all,0.0016919381694444442,0.007891533273777777,1.0,36,,
plant_hour,__all__,krc:율치,5,all,all,0.0016280604819444442,0.008677854313611112,0.9809637369910118,36,,
plant_hour,__all__,krc:율치,6,all,all,0.0021633653005555553,0.007487458858888889,0.9729009564302926,36,,
plant_hour,__all__,krc:율치,7,all,all,0.01711625833333333,0.019652715439027777,0.9240811111050146,36,,
plant_hour,__all__,krc:율치,8,all,all,0.07041653002777777,0.07307984961194443,0.5489782503141636,36,,
plant_hour,__all__,krc:율치,9,all,all,0.09698954927777778,0.10888185419444445,0.4912069590457431,36,,
plant_hour,__all__,krc:율치,10,all,all,0.10061437533333334,0.11697928780555555,0.8171416272320219,36,,
plant_hour,__all__,krc:율치,11,all,all,0.11981029194444444,0.1420961013888889,1.0,36,,
plant_hour,__all__,krc:율치,12,all,all,0.12481025514285712,0.13254511725714288,0.7823375207699502,35,,
plant_hour,__all__,krc:율치,13,all,all,0.10660300800000001,0.11121065228571429,0.4519080960360835,35,,
plant_hour,__all__,krc:율치,14,all,all,0.10654677057142858,0.10453117599999999,0.44581563501003757,35,,
plant_hour,__all__,krc:율치,15,all,all,0.07802851091428571,0.07125430628571429,0.4249865664231711,35,,
plant_hour,__all__,krc:율치,16,all,all,0.04130351811428571,0.04196429442857143,0.2402693297218955,35,,
plant_hour,__all__,krc:율치,17,all,all,0.009024920491428572,0.016030338985142858,0.9382875648108793,35,,
plant_hour,__all__,krc:율치,18,all,all,0.006601014753142857,0.012662453262857145,0.6503321536110346,35,,
plant_hour,__all__,krc:율치,19,all,all,0.002428178225714286,0.006580086251371428,0.8106087510309917,35,,
plant_hour,__all__,krc:율치,20,all,all,0.0011331862745714285,0.0049306171456571435,1.0,35,,
plant_hour,__all__,krc:율치,21,all,all,0.00163158258,0.003988007115714285,0.9092853446437468,35,,
plant_hour,__all__,krc:율치,22,all,all,0.0016555251285714288,0.00334266934122,0.8122164381985398,35,,
plant_hour,__all__,krc:율치,23,all,all,0.0016588173742857145,0.004261268044,0.9115568092751108,35,,
