년월일,호기,설비용량(kW),총량(kWh),평균(kWh),0-1시 발전량(kWh),1-2시 발전량(kWh),2-3시 발전량(kWh),3-4시 발전량(kWh),4-5시 발전량(kWh),5-6시 발전량(kWh),6-7시 발전량(kWh),7-8시 발전량(kWh),8-9시 발전량(kWh),9-10시 발전량(kWh),10-11시 발전량(kWh),11-12시 발전량(kWh),12-13시 발전량(kWh),13-14시 발전량(kWh),14-15시 발전량(kWh),15-16시 발전량(kWh),16-17시 발전량(kWh),17-18시 발전량(kWh),18-19시 발전량(kWh),19-20시 발전량(kWh),20-21시 발전량(kWh),21-22시 발전량(kWh),22-23시 발전량(kWh),23-24시 발전량(kWh)
2024-01-01,(신재생) (하동) 익산 다송리 태양광,893,0,0,0,0,0,0,0,0,0,0,0,0,0,0,0,0,0,0,0,0,0,0,0,0,0,0
2024-01-02,(신재생) (하동) 익산 다송리 태양광,893,0,0,0,0,0,0,0,0,0,0,0,0,0,0,0,0,0,0,0,0,0,0,0,0,0,0
2024-01-03,(신재생) (하동) 익산 다송리 태양광,893,0,0,0,0,0,0,0,0,0,0,0,0,0,0,0,0,0,0,0,0,0,0,0,0,0,0
2024-01-04,(신재생) (하동) 익산 다송리 태양광,893,0,0,0,0,0,0,0,0,0,0,0,0,0,0,0,0,0,0,0,0,0,0,0,0,0,0
2024-01-05,(신재생) (하동) 익산 다송리 태양광,893,0,0,0,0,0,0,0,0,0,0,0,0,0,0,0,0,0,0,0,0,0,0,0,0,0,0
2024-01-06,(신재생) (하동) 익산 다송리 태양광,893,0,0,0,0,0,0,0,0,0,0,0,0,0,0,0,0,0,0,0,0,0,0,0,0,0,0
2024-01-07,(신재생) (하동) 익산 다송리 태양광,893,0,0,0,0,0,0,0,0,0,0,0,0,0,0,0,0,0,0,0,0,0,0,0,0,0,0
2024-01-08,(신재생) (하동) 익산 다송리 태양광,893,0,0,0,0,0,0,0,0,0,0,0,0,0,0,0,0,0,0,0,0,0,0,0,0,0,0
2024-01-09,(신재생) (하동) 익산 다송리 태양광,893,0,0,0,0,0,0,0,0,0,0,0,0,0,0,0,0,0,0,0,0,0,0,0,0,0,0
2024-01-10,(신재생) (하동) 익산 다송리 태양광,893,0,0,0,0,0,0,0,0,0,0,0,0,0,0,0,0,0,0,0,0,0,0,0,0,0,0
2024-01-11,(신재생) (하동) 익산 다송리 태양광,893,0,0,0,0,0,0,0,0,0,0,0,0,0,0,0,0,0,0,0,0,0,0,0,0,0,0
2024-01-12,(신재생) (하동) 익산 다송리 태양광,893,0,0,0,0,0,0,0,0,0,0,0,0,0,0,0,0,0,0,0,0,0,0,0,0,0,0
2024-01-13,(신재생) (하동) 익산 다송리 태양광,893,0,0,0,0,0,0,0,0,0,0,0,0,0,0,0,0,0,0,0,0,0,0,0,0,0,0
2024-01-14,(신재생) (하동) 익산 다송리 태양광,893,0,0,0,0,0,0,0,0,0,0,0,0,0,0,0,0,0,0,0,0,0,0,0,0,0,0
2024-01-15,(신재생) (하동) 익산 다송리 태양광,893,104,4,0,0,0,0,0,0,0,0,0,0,0,0,0,0,0,0,96903,7232,0,0,0,0,0,0
2024-01-16,(신재생) (하동) 익산 다송리 태양광,893,2746,114,0,0,0,0,0,0,0,723,57129,229241,451974,444742,522843,462098,314574,141016,111366,10124,0,0,0,0,0,0
2024-01-17,(신재생) (하동) 익산 다송리 태양광,893,14,1,0,0,0,0,0,0,0,2169,11571,0,0,0,0,0,0,0,0,0,0,0,0,0,0,0
2024-01-18,(신재생) (하동) 익산 다송리 태양광,893,676,28,0,0,0,0,0,0,0,0,0,18802,104858,134507,129445,97626,73039,62915,45559,9401,0,0,0,0,0,0
2024-01-19,(신재생) (하동) 익산 다송리 태양광,893,1681,70,0,0,0,0,0,0,0,0,8678,69423,180789,186575,370980,257444,326144,206100,68700,6508,0,0,0,0,0,0
2024-01-20,(신재생) (하동) 익산 다송리 태양광,893,265,11,0,0,0,0,0,0,0,0,7955,15909,25311,45559,45559,55683,41220,21695,5785,0,0,0,0,0,0,0
2024-01-21,(신재생) (하동) 익산 다송리 태양광,893,1257,52,0,0,0,0,0,0,0,723,18802,70146,363748,287817,292156,104858,71593,34712,10847,1446,0,0,0,0,0,0
2024-01-22,(신재생) (하동) 익산 다송리 태양광,893,1683,70,0,0,0,0,0,0,0,723,40497,145355,190191,266122,374596,241535,227072,132338,58576,5785,0,0,0,0,0,0
2024-01-23,(신재생) (하동) 익산 다송리 태양광,893,2262,94,0,0,0,0,0,0,0,723,42666,234303,198868,352178,426663,355794,396291,144632,101965,7955,0,0,0,0,0,0
2024-01-24,(신재생) (하동) 익산 다송리 태양광,893,3541,148,0,0,0,0,0,0,0,723,42666,240812,491024,596605,588651,586481,501872,342777,135231,13740,0,0,0,0,0,0
2024-01-25,(신재생) (하동) 익산 다송리 태양광,893,3715,155,0,0,0,0,0,0,0,1446,64361,273354,459928,548154,635656,622639,540199,399183,150417,19525,0,0,0,0,0,0
2024-01-26,(신재생) (하동) 익산 다송리 태양광,893,2797,117,0,0,0,0,0,0,0,2169,69423,287094,484516,547431,473668,341331,298664,234303,53514,5062,0,0,0,0,0,0
2024-01-27,(신재생) (하동) 익산 다송리 태양광,893,3832,160,0,0,0,0,0,0,0,2893,70146,301557,506934,614684,653012,613961,519227,380381,148247,20972,0,0,0,0,0,0
2024-01-28,(신재생) (하동) 익산 다송리 태양광,893,2856,119,0,0,0,0,0,0,0,2893,67254,177897,275523,566233,616131,420878,359409,164157,185852,20248,0,0,0,0,0,0
2024-01-29,(신재생) (하동) 익산 다송리 태양광,893,3871,161,0,0,0,0,0,0,0,2169,57129,325421,524289,616131,659520,619746,519227,369534,155479,22418,0,0,0,0,0,0
2024-01-30,(신재생) (하동) 익산 다송리 태양광,893,3895,162,0,0,0,0,0,0,0,2893,69423,328314,494640,622639,652288,587204,528628,404968,177897,26034,0,0,0,0,0,0
2024-01-31,(신재생) (하동) 익산 다송리 태양광,893,2842,118,0,0,0,0,0,0,0,0,24587,86779,190191,288540,545261,620469,523566,397737,145355,19525,0,0,0,0,0,0
2024-02-01,(신재생) (하동) 익산 다송리 태양광,893,1665,69,0,0,0,0,0,0,0,723,26034,55683,141016,242981,452697,412200,177174,99796,49175,7955,0,0,0,0,0,0
2024-02-02,(신재생) (하동) 익산 다송리 태양광,893,3553,148,0,0,0,0,0,0,0,2893,45559,191637,414369,508380,636379,542368,556108,427386,204654,23141,0,0,0,0,0,0
2024-02-03,(신재생) (하동) 익산 다송리 태양광,893,1131,47,0,0,0,0,0,0,0,723,27480,72316,131615,188021,253105,201761,170665,62915,20972,1446,0,0,0,0,0,0
2024-02-04,(신재생) (하동) 익산 다송리 태양광,893,3297,137,0,0,0,0,0,0,0,1446,44113,310958,509826,617577,628424,509826,451251,183682,32542,7232,0,0,0,0,0,0
2024-02-05,(신재생) (하동) 익산 다송리 태양광,893,682,28,0,0,0,0,0,0,0,0,723,11571,54237,101242,129445,161264,126553,73762,20248,2893,0,0,0,0,0,0
2024-02-06,(신재생) (하동) 익산 다송리 태양광,893,868,36,0,0,0,0,0,0,0,723,17356,62192,133061,151140,152586,169942,65084,75208,33265,7232,0,0,0,0,0,0
2024-02-07,(신재생) (하동) 익산 다송리 태양광,893,3946,164,0,0,0,0,0,0,0,5062,107027,370257,534414,646503,695678,647949,522843,173558,212608,30373,0,0,0,0,0,0
2024-02-08,(신재생) (하동) 익산 다송리 태양광,893,3757,157,0,0,0,0,0,0,0,6508,89672,308065,491747,506934,603114,622639,510549,366641,214055,36881,0,0,0,0,0,0
2024-02-09,(신재생) (하동) 익산 다송리 태양광,893,3997,167,0,0,0,0,0,0,0,6508,118598,381104,566956,653012,606729,537306,430279,397014,255998,43389,0,0,0,0,0,0
2024-02-10,(신재생) (하동) 익산 다송리 태양광,893,3238,135,0,0,0,0,0,0,0,7232,101965,328314,494640,587927,600944,366641,289263,284924,148247,27480,0,0,0,0,0,0
2024-02-11,(신재생) (하동) 익산 다송리 태양광,893,2397,100,0,0,0,0,0,0,0,4339,75932,169942,216224,271907,376765,305173,490301,285647,177897,23141,0,0,0,0,0,0
2024-02-12,(신재생) (하동) 익산 다송리 태양광,893,4415,184,0,0,0,0,0,0,0,8678,120767,362302,545261,653735,705802,671814,585758,458482,255998,46282,0,0,0,0,0,0
2024-02-13,(신재생) (하동) 익산 다송리 태양광,893,4264,178,0,0,0,0,0,0,0,8678,132338,347116,519227,645057,672537,637825,563340,442573,246597,47728,723,0,0,0,0,0
2024-02-14,(신재생) (하동) 익산 다송리 태양광,893,1814,76,0,0,0,0,0,0,0,0,18079,53514,196699,148247,94734,198868,481623,338438,236473,47728,0,0,0,0,0,0
2024-02-15,(신재생) (하동) 익산 다송리 태양광,893,594,25,0,0,0,0,0,0,0,4339,5785,25311,35435,20248,11571,9401,49175,165603,218394,48452,0,0,0,0,0,0
2024-02-16,(신재생) (하동) 익산 다송리 태양광,893,4726,197,0,0,0,0,0,0,0,12294,165603,416539,585035,685554,721712,689169,611068,481623,289986,66531,723,0,0,0,0,0
2024-02-17,(신재생) (하동) 익산 다송리 태양광,893,4371,182,0,0,0,0,0,0,0,12294,195976,344223,428833,552493,720265,686277,602391,469329,287817,70869,723,0,0,0,0,0
2024-02-18,(신재생) (하동) 익산 다송리 태양광,893,536,22,0,0,0,0,0,0,0,6508,42666,56406,137400,117152,109197,29649,36881,0,0,0,0,0,0,0,0,0
2024-02-19,(신재생) (하동) 익산 다송리 태양광,893,0,0,0,0,0,0,0,0,0,0,0,0,0,0,0,0,0,0,0,0,0,0,0,0,0,0
2024-02-20,(신재생) (하동) 익산 다송리 태양광,893,0,0,0,0,0,0,0,0,0,0,0,0,0,0,0,0,0,0,0,0,0,0,0,0,0,0
2024-02-21,(신재생) (하동) 익산 다송리 태양광,893,316,13,0,0,0,0,0,0,0,0,0,0,0,64361,99796,45559,57129,33988,13740,1446,0,0,0,0,0,0
2024-02-22,(신재생) (하동) 익산 다송리 태양광,893,613,26,0,0,0,0,0,0,0,0,30373,48452,94011,98349,78101,94011,69423,54960,32542,13017,0,0,0,0,0,0
2024-02-23,(신재생) (하동) 익산 다송리 태양광,893,1568,65,0,0,0,0,0,0,0,0,28926,84609,181513,178620,302280,363025,235026,108474,71593,13740,0,0,0,0,0,0
2024-02-24,(신재생) (하동) 익산 다송리 태양광,893,2020,84,0,0,0,0,0,0,0,2169,58576,212608,365195,291433,375319,360856,225625,80994,37604,9401,0,0,0,0,0,0
2024-02-25,(신재생) (하동) 익산 다송리 태양광,893,1380,57,0,0,0,0,0,0,0,5785,57853,91841,118598,206100,185852,262506,190191,156202,88225,16633,0,0,0,0,0,0
2024-02-26,(신재생) (하동) 익산 다송리 태양광,893,4285,179,0,0,0,0,0,0,0,23864,146078,343500,592989,687723,653012,580696,404968,456313,289263,102688,4339,0,0,0,0,0
2024-02-27,(신재생) (하동) 익산 다송리 태양광,893,3275,136,0,0,0,0,0,0,0,15186,97626,283478,478731,577080,404245,429556,446912,370980,112089,55683,3616,0,0,0,0,0
2024-02-28,(신재생) (하동) 익산 다송리 태양광,893,3494,146,0,0,0,0,0,0,0,21695,211162,331929,367364,396291,494640,606006,449804,331929,229241,52067,2169,0,0,0,0,0
2024-02-29,(신재생) (하동) 익산 다송리 태양광,893,936,39,0,0,0,0,0,0,0,6508,20248,45559,70869,94011,112813,122214,203207,165603,57853,33988,2893,0,0,0,0,0
2024-03-01,(신재생) (하동) 익산 다송리 태양광,893,5388,225,0,0,0,0,0,0,0,32542,224179,471499,606729,772333,813553,762932,689169,546707,334822,128722,5062,0,0,0,0,0
2024-03-02,(신재생) (하동) 익산 다송리 태양광,893,4502,188,0,0,0,0,0,0,0,39774,263953,489578,640718,713034,642164,506211,465714,350008,271907,114982,4339,0,0,0,0,0
2024-03-03,(신재생) (하동) 익산 다송리 태양광,893,2679,112,0,0,0,0,0,0,0,20972,105581,147524,322528,565509,511273,459205,289263,146801,73762,33265,2893,0,0,0,0,0
2024-03-04,(신재생) (하동) 익산 다송리 태양광,893,3081,128,0,0,0,0,0,0,0,17356,107751,195976,436064,595159,548877,540922,334099,193083,68700,41943,1446,0,0,0,0,0
2024-03-05,(신재생) (하동) 익산 다송리 태양광,893,499,21,0,0,0,0,0,0,0,4339,25311,44836,60022,79547,57853,65807,53514,47728,36881,23141,0,0,0,0,0,0
2024-03-06,(신재생) (하동) 익산 다송리 태양광,893,4082,170,0,0,0,0,0,0,0,40497,207546,417262,582142,623362,715926,668198,295772,306619,144632,73762,5785,0,0,0,0,0
2024-03-07,(신재생) (하동) 익산 다송리 태양광,893,3993,166,0,0,0,0,0,0,0,39051,232134,446912,244427,433895,608176,546707,548154,465714,308788,109920,8678,0,0,0,0,0
2024-03-08,(신재생) (하동) 익산 다송리 태양광,893,5341,223,0,0,0,0,0,0,0,50621,262506,494640,661689,749192,710141,722435,688446,541645,344223,106304,9401,0,0,0,0,0
2024-03-09,(신재생) (하동) 익산 다송리 태양광,893,5367,224,0,0,0,0,0,0,0,56406,276969,489578,634933,728943,765101,730389,658074,533691,349285,133784,9401,0,0,0,0,0
2024-03-10,(신재생) (하동) 익산 다송리 태양광,893,5271,220,0,0,0,0,0,0,0,55683,271184,485239,639995,731113,758593,718096,632763,508380,334099,126553,9401,0,0,0,0,0
2024-03-11,(신재생) (하동) 익산 다송리 태양광,893,2419,101,0,0,0,0,0,0,723,50621,161264,310235,437511,462821,269738,159095,171388,146078,172835,70146,6508,0,0,0,0,0
2024-03-12,(신재생) (하동) 익산 다송리 태양광,893,1933,81,0,0,0,0,0,0,0,11571,78101,80994,232134,410031,173558,116428,390505,294325,113536,31096,723,0,0,0,0,0
2024-03-13,(신재생) (하동) 익산 다송리 태양광,893,5283,220,0,0,0,0,0,0,723,60745,253105,463544,637102,705079,713757,723881,681215,552493,350732,130892,9401,0,0,0,0,0
2024-03-14,(신재생) (하동) 익산 다송리 태양광,893,5270,220,0,0,0,0,0,0,723,58576,245151,451251,603837,702186,739067,723158,671814,545984,367364,148971,12294,0,0,0,0,0
2024-03-15,(신재생) (하동) 익산 다송리 태양광,893,5289,220,0,0,0,0,0,0,723,37604,154756,461375,644334,740514,766547,736175,668921,544538,367364,152586,13740,0,0,0,0,0
2024-03-16,(신재생) (하동) 익산 다송리 태양광,893,4437,185,0,0,0,0,0,0,723,62915,275523,447635,643611,739067,722435,621916,554662,211162,126553,26034,5062,0,0,0,0,0
2024-03-17,(신재생) (하동) 익산 다송리 태양광,893,4264,178,0,0,0,0,0,0,0,18802,152586,428833,450527,464991,633486,699294,601667,446188,252382,104858,10124,0,0,0,0,0
2024-03-18,(신재생) (하동) 익산 다송리 태양광,893,5341,223,0,0,0,0,0,0,2169,80994,299387,502595,645057,729666,750638,723158,639272,517781,339884,98349,11571,0,0,0,0,0
2024-03-19,(신재생) (하동) 익산 다송리 태양광,893,2631,110,0,0,0,0,0,0,723,20972,107751,368087,465714,150417,117152,269738,254552,463544,330483,75932,5785,0,0,0,0,0
2024-03-20,(신재생) (하동) 익산 다송리 태양광,893,5205,217,0,0,0,0,0,0,2169,77378,302280,501872,671091,574911,581419,661689,701463,568402,385443,159818,16633,0,0,0,0,0
2024-03-21,(신재생) (하동) 익산 다송리 태양광,893,5503,229,0,0,0,0,0,0,2893,91841,316020,514888,663136,712311,732559,741237,666028,540922,360133,147524,13740,0,0,0,0,0
2024-03-22,(신재생) (하동) 익산 다송리 태양광,893,3345,139,0,0,0,0,0,0,4339,52067,273354,484516,648673,682661,578526,282032,262506,60022,11571,4339,0,0,0,0,0,0
2024-03-23,(신재생) (하동) 익산 다송리 태양광,893,4924,205,0,0,0,0,0,0,0,30373,125829,445465,621193,726774,758593,703633,622639,457036,316020,105581,10847,0,0,0,0,0
2024-03-24,(신재생) (하동) 익산 다송리 태양광,893,2258,94,0,0,0,0,0,0,3616,43389,178620,232134,331206,138846,343500,342054,300834,177897,115705,47728,2893,0,0,0,0,0
2024-03-25,(신재생) (하동) 익산 다송리 태양광,893,991,41,0,0,0,0,0,0,1446,26757,54237,208269,213332,96180,39051,168496,78101,54960,34712,15186,0,0,0,0,0,0
2024-03-26,(신재생) (하동) 익산 다송리 태양광,893,4347,181,0,0,0,0,0,0,0,20248,81717,234303,274077,517058,801982,740514,669644,557555,326144,114982,8678,0,0,0,0,0
2024-03-27,(신재생) (하동) 익산 다송리 태양광,893,3912,163,0,0,0,0,0,0,1446,28203,86779,329037,606006,676153,630594,608899,414369,292156,179343,54237,5062,0,0,0,0,0
2024-03-28,(신재생) (하동) 익산 다송리 태양광,893,483,20,0,0,0,0,0,0,723,10124,23141,39051,73039,50621,56406,60745,45559,47005,30373,36158,10124,0,0,0,0,0
2024-03-29,(신재생) (하동) 익산 다송리 태양광,893,1688,70,0,0,0,0,0,0,5785,68700,262506,357963,549600,74485,27480,64361,54960,49175,83163,70869,18802,0,0,0,0,0
2024-03-30,(신재생) (하동) 익산 다송리 태양광,893,2768,115,0,0,0,0,0,0,5062,67254,305173,425217,78101,298664,415093,357240,434618,304449,55683,15909,5062,0,0,0,0,0
2024-03-31,(신재생) (하동) 익산 다송리 태양광,893,5210,217,0,0,0,0,0,0,13017,123660,360133,533691,663859,710141,747022,671091,443296,375319,369534,177897,20972,0,0,0,0,0
2024-04-01,(신재생) (하동) 익산 다송리 태양광,893,5548,231,0,0,0,0,0,0,10124,118598,341331,526459,651565,738344,756423,719542,640718,521397,347116,154033,22418,0,0,0,0,0
2024-04-02,(신재생) (하동) 익산 다송리 태양광,893,4104,171,0,0,0,0,0,0,10847,86056,221286,379658,464991,600944,540922,577080,520674,369534,247320,77378,7232,0,0,0,0,0
2024-04-03,(신재생) (하동) 익산 다송리 태양광,893,801,33,0,0,0,0,0,0,3616,30373,66531,65084,85333,119321,80271,83886,97626,68700,50621,28926,20248,0,0,0,0,0
2024-04-04,(신재생) (하동) 익산 다송리 태양광,893,907,38,0,0,0,0,0,0,723,23141,78101,128722,167773,98349,114982,120767,84609,33988,33265,18079,4339,0,0,0,0,0
2024-04-05,(신재생) (하동) 익산 다송리 태양광,893,3164,132,0,0,0,0,0,0,2169,23141,57129,141739,225625,305173,527182,380381,440403,517058,359409,159818,24587,0,0,0,0,0
2024-04-06,(신재생) (하동) 익산 다송리 태양광,893,3444,143,0,0,0,0,0,0,10124,63638,206100,308788,244427,468606,398460,353624,524289,399183,285647,156925,23864,0,0,0,0,0
2024-04-07,(신재생) (하동) 익산 다송리 태양광,893,5528,230,0,0,0,0,0,0,12294,130892,343500,528628,664582,739067,726051,708695,639272,516335,347116,145355,26034,0,0,0,0,0
2024-04-08,(신재생) (하동) 익산 다송리 태양광,893,3291,137,0,0,0,0,0,0,19525,129445,334099,510549,436787,566956,373149,265399,278416,164157,133061,68700,10847,0,0,0,0,0
2024-04-09,(신재생) (하동) 익산 다송리 태양광,893,5371,224,0,0,0,0,0,0,15909,117875,316020,498256,629147,708695,718096,723881,624808,501872,340607,147524,28203,0,0,0,0,0
2024-04-10,(신재생) (하동) 익산 다송리 태양광,893,4611,192,0,0,0,0,0,0,16633,113536,323252,450527,533691,390505,623362,632040,564063,483793,318913,132338,28203,0,0,0,0,0
2024-04-11,(신재생) (하동) 익산 다송리 태양광,893,4435,185,0,0,0,0,0,0,13740,84609,193083,313851,544538,613961,399183,689893,641441,452697,310235,151863,26034,0,0,0,0,0
2024-04-12,(신재생) (하동) 익산 다송리 태양광,893,4936,206,0,0,0,0,0,0,23141,118598,338438,496809,611792,694955,616854,614684,539476,402076,303003,141739,33988,0,0,0,0,0
2024-04-13,(신재생) (하동) 익산 다송리 태양광,893,5550,231,0,0,0,0,0,0,18079,126553,323975,540922,673983,731836,737621,703633,633486,517781,351455,161264,28926,0,0,0,0,0
2024-04-14,(신재생) (하동) 익산 다송리 태양광,893,5117,213,0,0,0,0,0,0,22418,149694,357963,528628,611068,681215,634933,655181,594436,436064,257444,159818,28203,0,0,0,0,0
2024-04-15,(신재생) (하동) 익산 다송리 태양광,893,685,29,0,0,0,0,0,0,2169,16633,15909,22418,76655,119321,111366,99796,69423,54960,59299,31819,5062,0,0,0,0,0
2024-04-16,(신재생) (하동) 익산 다송리 태양광,893,3352,140,0,0,0,0,0,0,2169,18802,32542,89672,216947,315297,468606,552493,596605,496809,356517,170665,34712,0,0,0,0,0
2024-04-17,(신재생) (하동) 익산 다송리 태양광,893,5313,221,0,0,0,0,0,0,14463,80994,310958,478007,658797,743406,730389,679045,577080,491024,360133,160541,28203,0,0,0,0,0
2024-04-18,(신재생) (하동) 익산 다송리 태양광,893,5462,228,0,0,0,0,0,0,28203,152586,352178,518504,634933,705079,728220,696401,616854,498979,338438,157648,33988,0,0,0,0,0
2024-04-19,(신재생) (하동) 익산 다송리 태양광,893,5411,225,0,0,0,0,0,0,31819,177174,365918,519227,638548,717373,722435,701463,598775,462098,289263,156202,30373,0,0,0,0,0
2024-04-20,(신재생) (하동) 익산 다송리 태양광,893,603,25,0,0,0,0,0,0,0,8678,41220,67254,80994,79547,99796,81717,52791,36158,35435,17356,2169,0,0,0,0,0
2024-04-21,(신재생) (하동) 익산 다송리 태양광,893,1647,69,0,0,0,0,0,0,4339,36158,88948,131615,228518,316743,304449,163434,144632,104858,75208,28203,20248,0,0,0,0,0
2024-04-22,(신재생) (하동) 익산 다송리 태양광,893,2537,106,0,0,0,0,0,0,13017,57853,146078,222733,335545,381104,449804,389059,277693,94734,84609,64361,20248,0,0,0,0,0
2024-04-23,(신재생) (하동) 익산 다송리 태양광,893,3747,156,0,0,0,0,0,723,25311,171388,381104,537306,648673,720265,629147,318913,206100,58576,37604,11571,723,0,0,0,0,0
2024-04-24,(신재생) (하동) 익산 다송리 태양광,893,3129,130,0,0,0,0,0,0,2893,141016,206100,236473,401353,582865,472222,261783,153309,269015,232857,125829,42666,723,0,0,0,0
2024-04-25,(신재생) (하동) 익산 다송리 태양광,893,5636,235,0,0,0,0,0,0,20972,117152,259614,532967,690616,759316,770163,731836,647949,527905,368811,165603,41943,723,0,0,0,0
2024-04-26,(신재생) (하동) 익산 다송리 태양광,893,4917,205,0,0,0,0,0,0,33265,138123,248043,445465,501148,660243,727497,598052,626978,509103,303726,76655,47005,2169,0,0,0,0
2024-04-27,(신재생) (하동) 익산 다송리 태양광,893,5791,241,0,0,0,0,0,723,38327,116428,380381,569848,691339,739791,746299,719542,648673,532967,376042,187298,42666,723,0,0,0,0
2024-04-28,(신재생) (하동) 익산 다송리 태양광,893,4947,206,0,0,0,0,0,1446,44113,160541,288540,463544,579249,683384,689169,644334,544538,463544,224902,122937,36881,0,0,0,0,0
2024-04-29,(신재생) (하동) 익산 다송리 태양광,893,1451,60,0,0,0,0,0,0,6508,26034,74485,177174,209716,167049,166326,195253,154033,123660,75932,57129,18079,0,0,0,0,0
2024-04-30,(신재생) (하동) 익산 다송리 태양광,893,3883,162,0,0,0,0,0,723,31819,130168,271907,462098,523566,618300,563340,475838,333376,207546,153309,85333,24587,723,0,0,0,0
2024-05-01,(신재생) (하동) 익산 다송리 태양광,893,3468,144,0,0,0,0,0,0,47005,97626,81717,167049,352901,556108,507657,501148,449081,331206,203207,120767,49898,2169,0,0,0,0
2024-05-02,(신재생) (하동) 익산 다송리 태양광,893,4329,180,0,0,0,0,0,723,33988,94734,122937,193083,339884,538029,668921,617577,604560,530798,356517,180066,44836,2169,0,0,0,0
2024-05-03,(신재생) (하동) 익산 다송리 태양광,893,5890,245,0,0,0,0,0,723,41943,198145,404245,569125,680492,737621,741237,715926,650119,538029,376042,189467,45559,1446,0,0,0,0
2024-05-04,(신재생) (하동) 익산 다송리 태양광,893,5474,228,0,0,0,0,0,2169,42666,189467,386166,553939,672537,718819,720988,707248,637825,517058,222009,88948,14463,0,0,0,0,0
2024-05-05,(신재생) (하동) 익산 다송리 태양광,893,664,28,0,0,0,0,0,0,4339,9401,39774,68700,93287,110643,84609,73039,51344,57853,47728,21695,1446,0,0,0,0,0
2024-05-06,(신재생) (하동) 익산 다송리 태양광,893,1065,44,0,0,0,0,0,0,2169,18079,46282,75932,122937,93287,104858,254552,214055,75932,36158,18802,2169,0,0,0,0,0
2024-05-07,(신재생) (하동) 익산 다송리 태양광,893,759,32,0,0,0,0,0,0,2893,19525,31819,62915,94734,152586,88225,71593,88948,67977,40497,29649,7232,0,0,0,0,0
2024-05-08,(신재생) (하동) 익산 다송리 태양광,893,6030,251,0,0,0,0,0,1446,54960,190914,428833,590097,702909,753531,762932,736175,656627,564063,340607,203931,40497,2169,0,0,0,0
2024-05-09,(신재생) (하동) 익산 다송리 태양광,893,5812,242,0,0,0,0,0,2169,45559,206823,407861,551046,654458,720988,739067,714480,643611,528628,363025,184405,47728,2169,0,0,0,0
2024-05-10,(신재생) (하동) 익산 다송리 태양광,893,5825,243,0,0,0,0,0,3616,49175,197422,391952,551046,666752,726051,743406,707972,643611,538753,370980,172835,54960,6508,0,0,0,0
2024-05-11,(신재생) (하동) 익산 다송리 태양광,893,2980,124,0,0,0,0,0,2893,46282,222009,299387,373873,557555,645057,403522,122937,149694,100519,49898,6508,0,0,0,0,0,0
2024-05-12,(신재생) (하동) 익산 다송리 태양광,893,5535,231,0,0,0,0,0,2169,62192,165603,375319,550323,665305,708695,690616,610345,652288,487408,312404,191637,57129,3616,0,0,0,0
2024-05-13,(신재생) (하동) 익산 다송리 태양광,893,5960,248,0,0,0,0,0,2893,47005,212608,415093,567679,675429,737621,741960,715926,651565,550323,388336,201761,49175,2893,0,0,0,0
2024-05-14,(신재생) (하동) 익산 다송리 태양광,893,5927,247,0,0,0,0,0,2893,53514,208993,402799,561171,669644,729666,736898,705802,650842,548877,391952,208269,52067,3616,0,0,0,0
2024-05-15,(신재생) (하동) 익산 다송리 태양광,893,3889,162,0,0,0,0,0,2893,50621,212608,399183,553939,659520,720988,723881,373149,133061,7955,9401,13017,27480,1446,0,0,0,0
2024-05-16,(신재생) (하동) 익산 다송리 태양광,893,5268,220,0,0,0,0,0,2893,44113,198145,336992,457759,556108,665305,661689,647949,603114,499702,353624,185852,50621,4339,0,0,0,0
2024-05-17,(신재생) (하동) 익산 다송리 태양광,893,5098,212,0,0,0,0,0,5785,59299,141739,303003,553216,600944,506211,509103,651565,611068,524289,378935,195976,52791,3616,0,0,0,0
2024-05-18,(신재생) (하동) 익산 다송리 태양광,893,5694,237,0,0,0,0,0,3616,48452,179343,347116,520674,654458,720265,734728,693508,632763,530075,377488,196699,51344,3616,0,0,0,0
2024-05-19,(신재생) (하동) 익산 다송리 태양광,893,5830,243,0,0,0,0,0,4339,49898,199592,407138,562617,658797,712311,715926,689169,636379,538029,391228,210439,47728,6508,0,0,0,0
2024-05-20,(신재생) (하동) 익산 다송리 태양광,893,4613,192,0,0,0,0,0,6508,47005,172112,294325,451251,612515,302280,512719,656627,459928,486685,357963,194529,54237,4339,0,0,0,0
2024-05-21,(신재생) (하동) 익산 다송리 태양광,893,5019,209,0,0,0,0,0,723,24587,65807,90395,263953,616854,720265,725327,696401,638548,532244,373149,203931,60745,5785,0,0,0,0
2024-05-22,(신재생) (하동) 익산 다송리 태양광,893,5348,223,0,0,0,0,0,1446,35435,108474,244427,536583,654458,715203,715926,681215,646503,459205,347116,148247,51344,2893,0,0,0,0
2024-05-23,(신재생) (하동) 익산 다송리 태양광,893,5704,238,0,0,0,0,0,3616,67977,153309,329037,530798,660243,719542,726774,687723,633486,537306,384720,206823,57853,4339,0,0,0,0
2024-05-24,(신재생) (하동) 익산 다송리 태양광,893,5069,211,0,0,0,0,0,723,20972,73039,192360,505487,619746,668921,679045,655181,585758,478007,341331,182959,60745,5062,0,0,0,0
2024-05-25,(신재생) (하동) 익산 다송리 태양광,893,3550,148,0,0,0,0,0,4339,39774,91118,267568,409307,450527,535137,410031,333376,287094,284924,224902,146801,59299,5785,0,0,0,0
2024-05-26,(신재생) (하동) 익산 다송리 태양광,893,2866,119,0,0,0,0,0,6508,63638,208993,339161,453420,543092,548154,279862,161264,130168,72316,41220,12294,5785,0,0,0,0,0
2024-05-27,(신재생) (하동) 익산 다송리 태양광,893,4782,199,0,0,0,0,0,7955,57129,218394,394844,519951,558278,518504,564063,531521,494640,459205,248766,150417,53514,4339,0,0,0,0
2024-05-28,(신재생) (하동) 익산 다송리 태양광,893,5945,248,0,0,0,0,0,8678,57853,201761,417262,570572,677599,671814,697847,722435,652288,537306,446188,217671,60022,5785,0,0,0,0
2024-05-29,(신재생) (하동) 익산 다송리 태양광,893,5725,239,0,0,0,0,0,4339,47005,195976,399183,550323,654458,684831,658074,695678,642887,526459,373873,220563,63638,7232,0,0,0,0
2024-05-30,(신재생) (하동) 익산 다송리 태양광,893,2772,115,0,0,0,0,0,723,26034,75932,272631,357963,190914,407138,275523,271184,393398,142462,201761,117875,37604,723,0,0,0,0
2024-05-31,(신재생) (하동) 익산 다송리 태양광,893,5824,243,0,0,0,0,0,9401,82440,195976,354347,483793,658797,722435,728220,707972,650842,548877,394844,217671,61468,7232,0,0,0,0
2024-06-01,(신재생) (하동) 익산 다송리 태양광,893,4691,195,0,0,0,0,0,1446,20248,158372,222009,180066,302280,634933,656627,715203,597328,508380,404245,222733,60745,6508,0,0,0,0
2024-06-02,(신재생) (하동) 익산 다송리 태양광,893,5749,240,0,0,0,0,0,9401,83163,190191,344946,541645,663859,715926,729666,700017,640718,478731,360133,198145,79547,13017,0,0,0,0
2024-06-03,(신재생) (하동) 익산 다송리 태양광,893,5855,244,0,0,0,0,0,7232,60022,217671,400629,547431,660243,706525,713034,689169,634933,514888,410031,212608,70146,10847,0,0,0,0
2024-06-04,(신재생) (하동) 익산 다송리 태양광,893,5594,233,0,0,0,0,0,7232,62915,207546,420155,438957,451251,716649,715926,700017,645780,541645,394121,218394,65807,7955,0,0,0,0
2024-06-05,(신재생) (하동) 익산 다송리 태양광,893,4704,196,0,0,0,0,0,723,39774,120767,325421,503318,619746,559001,514888,664582,541645,434618,223456,111366,41220,3616,0,0,0,0
2024-06-06,(신재생) (하동) 익산 다송리 태양광,893,5198,217,0,0,0,0,0,6508,44836,75932,275523,384720,530798,702909,720988,683384,535137,528628,377488,226348,96903,7955,0,0,0,0
2024-06-07,(신재생) (하동) 익산 다송리 태양광,893,3748,156,0,0,0,0,0,10124,58576,150417,281308,428109,564063,464991,498979,466437,229964,302280,172835,85333,29649,5062,0,0,0,0
2024-06-08,(신재생) (하동) 익산 다송리 태양광,893,2264,94,0,0,0,0,0,0,9401,21695,49898,114982,114982,229241,336268,461375,303003,190914,214055,135954,74485,7955,0,0,0,0
2024-06-09,(신재생) (하동) 익산 다송리 태양광,893,4798,200,0,0,0,0,0,7232,62915,141739,267568,332653,464991,694955,743406,459205,429556,530798,373873,220563,57853,10847,0,0,0,0
2024-06-10,(신재생) (하동) 익산 다송리 태양광,893,5414,226,0,0,0,0,0,9401,70146,187298,360133,484516,610345,681938,679768,652288,585758,488132,336992,188021,68700,10124,0,0,0,0
2024-06-11,(신재생) (하동) 익산 다송리 태양광,893,5398,225,0,0,0,0,0,6508,53514,175727,331929,514165,612515,678322,682661,645780,572018,478007,367364,166326,97626,15186,0,0,0,0
2024-06-12,(신재생) (하동) 익산 다송리 태양광,893,5734,239,0,0,0,0,0,5785,60022,203931,392675,544538,649396,685554,692785,670367,611792,525736,389782,201761,88948,10847,0,0,0,0
2024-06-13,(신재생) (하동) 익산 다송리 태양광,893,5576,232,0,0,0,0,0,6508,58576,198868,347839,511273,630594,673983,684107,658074,621193,518504,373873,213332,68700,10847,0,0,0,0
2024-06-14,(신재생) (하동) 익산 다송리 태양광,893,5145,214,0,0,0,0,0,7955,58576,206823,369534,487408,614684,611792,527905,551769,587927,495363,344223,198145,79547,3616,0,0,0,0
2024-06-15,(신재생) (하동) 익산 다송리 태양광,893,4915,205,0,0,0,0,0,5062,49898,190914,366641,504041,527182,606006,607453,347116,498979,514888,383274,212608,88225,12294,0,0,0,0
2024-06-16,(신재생) (하동) 익산 다송리 태양광,893,5798,242,0,0,0,0,0,7232,57853,169942,384720,559001,633486,706525,713757,699294,647949,553216,373873,216947,67977,5785,0,0,0,0
2024-06-17,(신재생) (하동) 익산 다송리 태양광,893,3617,151,0,0,0,0,0,10124,73762,165603,245874,400629,444742,497533,411477,288540,246597,284201,297218,146801,86056,17356,0,0,0,0
2024-06-18,(신재생) (하동) 익산 다송리 태양광,893,5693,237,0,0,0,0,0,7232,62915,206100,381827,527905,639995,686277,679768,666752,613238,530075,390505,219840,70869,10124,0,0,0,0
2024-06-19,(신재생) (하동) 익산 다송리 태양광,893,5276,220,0,0,0,0,0,10124,61468,198868,360133,479454,557555,676153,639272,611792,613961,507657,333376,147524,65807,13017,0,0,0,0
2024-06-20,(신재생) (하동) 익산 다송리 태양광,893,3418,142,0,0,0,0,0,13017,65807,219117,256721,433895,374596,402076,392675,336992,309512,270461,184405,87502,56406,15186,0,0,0,0
2024-06-21,(신재생) (하동) 익산 다송리 태양광,893,5030,210,0,0,0,0,0,8678,70146,174281,384720,452697,561171,666752,560447,577803,556108,404245,339161,173558,93287,7232,0,0,0,0
2024-06-22,(신재생) (하동) 익산 다송리 태양광,893,746,31,0,0,0,0,0,723,7955,36158,56406,90395,76655,83886,113536,135231,60745,34712,33988,14463,1446,0,0,0,0,0
2024-06-23,(신재생) (하동) 익산 다송리 태양광,893,2630,110,0,0,0,0,0,1446,10847,33265,60745,90395,195253,143908,353624,470053,413646,331929,282032,201761,36158,5062,0,0,0,0
2024-06-24,(신재생) (하동) 익산 다송리 태양광,893,3886,162,0,0,0,0,0,723,39774,44113,95457,274800,350732,550323,552493,639995,394121,379658,274800,188744,87502,13017,0,0,0,0
2024-06-25,(신재생) (하동) 익산 다송리 태양광,893,4631,193,0,0,0,0,0,6508,64361,189467,280585,366641,449804,455589,426663,502595,574187,543092,396291,268292,89672,17356,0,0,0,0
2024-06-26,(신재생) (하동) 익산 다송리 태양광,893,5506,229,0,0,0,0,0,7955,68700,172835,300111,441126,565509,658074,701463,689169,629871,540922,401353,240812,76655,11571,0,0,0,0
2024-06-27,(신재생) (하동) 익산 다송리 태양광,893,2846,119,0,0,0,0,0,8678,62192,132338,208993,254552,305173,297218,238642,223456,339161,231411,219117,193083,116428,15909,0,0,0,0
2024-06-28,(신재생) (하동) 익산 다송리 태양광,893,5484,228,0,0,0,0,0,1446,50621,194529,379658,499702,569125,618300,685554,675429,598775,511996,387613,224902,75208,10847,0,0,0,0
2024-06-29,(신재생) (하동) 익산 다송리 태양광,893,2127,89,0,0,0,0,0,5785,66531,75932,233580,344223,246597,211162,464267,332653,86779,19525,13740,16633,9401,0,0,0,0,0
2024-06-30,(신재생) (하동) 익산 다송리 태양광,893,1015,42,0,0,0,0,0,0,2169,7232,18802,42666,70146,33988,60745,75208,211162,164880,172112,94011,52067,10124,0,0,0,0
2024-07-01,(신재생) (하동) 익산 다송리 태양광,893,4595,191,0,0,0,0,0,0,20972,78101,198145,410031,464991,587204,559001,537306,592266,480177,364472,212608,78824,10847,0,0,0,0
2024-07-02,(신재생) (하동) 익산 다송리 태양광,893,1279,53,0,0,0,0,0,0,723,3616,26034,54237,53514,88948,169219,206823,237919,160541,75932,93287,91841,15909,0,0,0,0
2024-07-03,(신재생) (하동) 익산 다송리 태양광,893,4195,175,0,0,0,0,0,723,5062,13017,52791,321805,446188,525013,607453,671091,616854,399183,292879,180066,54237,8678,0,0,0,0
2024-07-04,(신재생) (하동) 익산 다송리 태양광,893,4502,188,0,0,0,0,0,2169,48452,149694,284201,383274,525013,658074,669644,480900,401353,340607,297218,185852,65084,10124,0,0,0,0
2024-07-05,(신재생) (하동) 익산 다송리 태양광,893,4245,177,0,0,0,0,0,723,27480,65084,173558,234303,333376,561894,599498,587204,553216,451974,360856,197422,91118,7232,0,0,0,0
2024-07-06,(신재생) (하동) 익산 다송리 태양광,893,3518,147,0,0,0,0,0,4339,53514,89672,129445,237919,308788,444742,430279,477284,381827,386166,318913,160541,86779,7955,0,0,0,0
2024-07-07,(신재생) (하동) 익산 다송리 태양광,893,1106,46,0,0,0,0,0,0,2893,5062,3616,2893,4339,58576,284924,156925,238642,126553,83886,98349,37604,1446,0,0,0,0
2024-07-08,(신재생) (하동) 익산 다송리 태양광,893,609,25,0,0,0,0,0,0,0,6508,13740,9401,31819,84609,58576,57129,119321,91118,64361,52791,18802,723,0,0,0,0
2024-07-09,(신재생) (하동) 익산 다송리 태양광,893,626,26,0,0,0,0,0,0,5062,6508,44113,89672,33988,41220,72316,78101,75932,59299,60745,39774,17356,1446,0,0,0,0
2024-07-10,(신재생) (하동) 익산 다송리 태양광,893,2256,94,0,0,0,0,0,723,14463,12294,41220,90395,260337,303726,195253,231411,323252,342777,189467,148971,91841,10124,0,0,0,0
2024-07-11,(신재생) (하동) 익산 다송리 태양광,893,2295,96,0,0,0,0,0,7232,91118,75208,173558,160541,214778,188021,161264,250936,250213,284201,272631,109920,42666,12294,0,0,0,0
2024-07-12,(신재생) (하동) 익산 다송리 태양광,893,3802,158,0,0,0,0,0,2169,28203,79547,148971,252382,284201,528628,483069,553216,447635,423771,271907,211885,74485,11571,0,0,0,0
2024-07-13,(신재생) (하동) 익산 다송리 태양광,893,4158,173,0,0,0,0,0,2169,43389,122937,155479,308065,440403,613961,577080,600944,335545,315297,309512,214055,107751,11571,0,0,0,0
2024-07-14,(신재생) (하동) 익산 다송리 태양광,893,3750,156,0,0,0,0,0,1446,47005,168496,330483,284201,311681,486685,315297,606006,213332,543092,318189,92564,24587,7232,0,0,0,0
2024-07-15,(신재생) (하동) 익산 다송리 태양광,893,3769,157,0,0,0,0,0,2169,49175,104135,221286,478731,577080,363025,363748,376765,477284,317466,193806,190914,43389,10124,0,0,0,0
2024-07-16,(신재생) (하동) 익산 다송리 태양광,893,1098,46,0,0,0,0,0,0,32542,54960,60745,135954,128722,122937,91841,94734,141739,94734,108474,27480,3616,0,0,0,0,0
2024-07-17,(신재생) (하동) 익산 다송리 태양광,893,3064,128,0,0,0,0,0,723,23141,98349,246597,287817,430279,342777,294325,319636,413646,292879,181513,88948,39051,4339,0,0,0,0
2024-07-18,(신재생) (하동) 익산 다송리 태양광,893,891,37,0,0,0,0,0,0,15186,55683,91841,16633,41943,34712,171388,149694,138846,73762,30373,36881,30373,3616,0,0,0,0
2024-07-19,(신재생) (하동) 익산 다송리 태양광,893,2133,89,0,0,0,0,0,0,22418,41220,97626,99073,118598,355794,147524,141739,206823,511273,196699,127999,51344,15186,0,0,0,0
2024-07-20,(신재생) (하동) 익산 다송리 태양광,893,2741,114,0,0,0,0,0,7232,31819,30373,0,2893,127999,178620,433172,452697,487408,423771,277693,216947,70146,723,0,0,0,0
2024-07-21,(신재생) (하동) 익산 다송리 태양광,893,4416,184,0,0,0,0,0,0,18802,90395,298664,334822,344223,526459,530798,632040,612515,504764,297218,159095,59299,6508,0,0,0,0
2024-07-22,(신재생) (하동) 익산 다송리 태양광,893,3512,146,0,0,0,0,0,1446,37604,170665,338438,394121,355794,279139,461375,350008,367364,318913,281308,103412,47005,5062,0,0,0,0
2024-07-23,(신재생) (하동) 익산 다송리 태양광,893,1399,58,0,0,0,0,0,2169,39774,59299,54960,69423,96903,102688,165603,201761,245151,177174,106304,51344,23864,2893,0,0,0,0
2024-07-24,(신재생) (하동) 익산 다송리 태양광,893,4826,201,0,0,0,0,0,723,22418,149694,252382,362302,427386,504764,686277,655181,537306,476561,389782,242258,106304,13017,0,0,0,0
2024-07-25,(신재생) (하동) 익산 다송리 태양광,893,3403,142,0,0,0,0,0,1446,34712,146078,351455,496086,511273,478007,399183,510549,246597,28926,92564,59299,38327,8678,0,0,0,0
2024-07-26,(신재생) (하동) 익산 다송리 태양광,893,3242,135,0,0,0,0,0,1446,28203,161264,340607,478731,359409,412923,370980,248043,112089,224179,311681,126553,57129,8678,0,0,0,0
2024-07-27,(신재생) (하동) 익산 다송리 태양광,893,2972,124,0,0,0,0,0,723,26757,154756,310958,492471,407861,395567,220563,297941,286371,117152,104858,87502,55683,13017,0,0,0,0
2024-07-28,(신재생) (하동) 익산 다송리 태양광,893,5002,208,0,0,0,0,0,2169,41220,167773,373873,464991,597328,600944,602391,630594,595882,476561,240088,146078,54237,7955,0,0,0,0
2024-07-29,(신재생) (하동) 익산 다송리 태양광,893,4755,198,0,0,0,0,0,723,35435,141016,216947,271907,458482,595159,650119,678322,607453,506934,316020,209716,62192,5062,0,0,0,0
2024-07-30,(신재생) (하동) 익산 다송리 태양광,893,4217,176,0,0,0,0,0,0,30373,103412,234303,292879,471499,619023,556832,459205,394844,463544,336992,201038,49175,4339,0,0,0,0
2024-07-31,(신재생) (하동) 익산 다송리 태양광,893,4659,194,0,0,0,0,0,0,36158,111366,229964,412923,443296,444742,560447,601667,639995,513442,383997,216224,59299,5062,0,0,0,0
2024-08-01,(신재생) (하동) 익산 다송리 태양광,893,4611,192,0,0,0,0,0,723,32542,105581,117152,350008,499702,564786,558278,647949,625532,517058,312404,213332,60745,5062,0,0,0,0
2024-08-02,(신재생) (하동) 익산 다송리 태양광,893,4175,174,0,0,0,0,0,723,40497,154033,192360,406415,506211,510549,591543,497533,356517,382551,266845,201038,62915,5062,0,0,0,0
2024-08-03,(신재생) (하동) 익산 다송리 태양광,893,4717,197,0,0,0,0,0,0,26034,98349,204654,305173,447635,671814,545984,668921,599498,507657,373873,206100,57129,4339,0,0,0,0
2024-08-04,(신재생) (하동) 익산 다송리 태양광,893,4628,193,0,0,0,0,0,0,35435,134507,232857,336992,324698,493194,647949,475115,543815,482346,450527,330483,125829,14463,0,0,0,0
2024-08-05,(신재생) (하동) 익산 다송리 태양광,893,2829,118,0,0,0,0,0,723,37604,145355,312404,455589,517781,525736,419432,214055,158372,13740,7955,10847,8678,723,0,0,0,0
2024-08-06,(신재생) (하동) 익산 다송리 태양광,893,4777,199,0,0,0,0,0,723,60022,162711,214055,450527,586481,613238,516335,618300,494640,479454,338438,177897,60745,3616,0,0,0,0
2024-08-07,(신재생) (하동) 익산 다송리 태양광,893,4774,199,0,0,0,0,0,0,14463,65084,188744,339161,540199,643611,666028,577803,604560,519951,362302,195253,52791,3616,0,0,0,0
2024-08-08,(신재생) (하동) 익산 다송리 태양광,893,2182,91,0,0,0,0,0,0,19525,125106,295048,207546,130168,130892,224902,157648,403522,250213,115705,85333,33988,2169,0,0,0,0
2024-08-09,(신재생) (하동) 익산 다송리 태양광,893,4541,189,0,0,0,0,0,0,23141,88225,211885,398460,553216,505487,632763,607453,544538,445465,313127,167773,47728,1446,0,0,0,0
2024-08-10,(신재생) (하동) 익산 다송리 태양광,893,4250,177,0,0,0,0,0,0,23864,91118,269015,437511,515612,504041,551046,580696,495363,426663,198868,95457,57853,2893,0,0,0,0
2024-08-11,(신재생) (하동) 익산 다송리 태양광,893,4488,187,0,0,0,0,0,0,27480,123660,284201,423047,532967,553216,592266,519227,488132,436787,309512,155479,40497,1446,0,0,0,0
2024-08-12,(신재생) (하동) 익산 다송리 태양광,893,4004,167,0,0,0,0,0,0,20248,102688,279139,318189,427386,553216,355071,504041,528628,425940,282755,159095,45559,2169,0,0,0,0
2024-08-13,(신재생) (하동) 익산 다송리 태양광,893,4428,184,0,0,0,0,0,0,21695,67254,200315,381104,517058,587927,606729,592266,527182,438234,285647,159095,41943,1446,0,0,0,0
2024-08-14,(신재생) (하동) 익산 다송리 태양광,893,4568,190,0,0,0,0,0,0,22418,117875,279139,264676,502595,586481,611792,614684,611068,530798,295772,101965,26757,2169,0,0,0,0
2024-08-15,(신재생) (하동) 익산 다송리 태양광,893,4688,195,0,0,0,0,0,0,25311,137400,323252,480900,554662,399183,697124,674706,590097,508380,222009,50621,22418,1446,0,0,0,0
2024-08-16,(신재생) (하동) 익산 다송리 태양광,893,4214,176,0,0,0,0,0,723,27480,165603,342777,418708,540199,394844,538753,598052,344223,454866,217671,121491,46282,2169,0,0,0,0
2024-08-17,(신재생) (하동) 익산 다송리 태양광,893,3952,165,0,0,0,0,0,723,42666,88225,257444,339884,519227,589374,553939,517058,334822,339884,313127,46282,8678,723,0,0,0,0
2024-08-18,(신재생) (하동) 익산 다송리 태양광,893,3635,151,0,0,0,0,0,0,26757,124383,263953,338438,488855,673260,399183,376042,579249,331206,10847,11571,10847,723,0,0,0,0
2024-08-19,(신재생) (하동) 익산 다송리 태양광,893,5124,214,0,0,0,0,0,0,23864,127276,321805,455589,550323,702186,637102,692785,583588,467883,346393,175004,40497,0,0,0,0,0
2024-08-20,(신재생) (하동) 익산 다송리 태양광,893,3945,164,0,0,0,0,0,0,21695,118598,270461,449804,582865,630594,543092,535860,378212,126553,56406,208993,21695,0,0,0,0,0
2024-08-21,(신재생) (하동) 익산 다송리 태양광,893,2633,110,0,0,0,0,0,0,5062,30373,77378,94734,177174,268292,340607,437511,397014,311681,263229,154033,74485,1446,0,0,0,0
2024-08-22,(신재생) (하동) 익산 다송리 태양광,893,2843,118,0,0,0,0,0,0,21695,179343,263953,172835,175727,522120,309512,418708,319636,94734,159095,153309,51344,723,0,0,0,0
2024-08-23,(신재생) (하동) 익산 다송리 태양광,893,4059,169,0,0,0,0,0,0,19525,121491,274800,386889,595159,494640,615407,470776,355071,276246,261783,152586,34712,0,0,0,0,0
2024-08-24,(신재생) (하동) 익산 다송리 태양광,893,4174,174,0,0,0,0,0,0,14463,106304,253105,325421,525736,556832,426663,470053,522120,470053,316020,154756,32542,0,0,0,0,0
2024-08-25,(신재생) (하동) 익산 다송리 태양광,893,3209,134,0,0,0,0,0,0,31819,81717,80994,166326,412923,331929,332653,386166,407138,493917,304449,149694,28926,0,0,0,0,0
2024-08-26,(신재생) (하동) 익산 다송리 태양광,893,4084,170,0,0,0,0,0,0,23864,75208,206100,421601,622639,480177,615407,445465,432448,378212,276969,79547,26757,0,0,0,0,0
2024-08-27,(신재생) (하동) 익산 다송리 태양광,893,1689,70,0,0,0,0,0,0,5785,44113,139569,166326,235749,302280,195253,214055,142462,84609,85333,44836,27480,723,0,0,0,0
2024-08-28,(신재생) (하동) 익산 다송리 태양광,893,5306,221,0,0,0,0,0,0,15186,133784,336268,498979,611068,697124,710141,683384,604560,491024,336992,159818,27480,0,0,0,0,0
2024-08-29,(신재생) (하동) 익산 다송리 태양광,893,5220,218,0,0,0,0,0,0,12294,137400,342777,509103,620469,694232,613238,670367,619023,497533,334099,144632,25311,0,0,0,0,0
2024-08-30,(신재생) (하동) 익산 다송리 태양광,893,4879,203,0,0,0,0,0,0,13017,137400,340607,506211,613961,676876,659520,590097,632040,289263,228518,167773,23864,0,0,0,0,0
2024-08-31,(신재생) (하동) 익산 다송리 태양광,893,4661,194,0,0,0,0,0,0,18079,129445,331206,255275,525736,478007,728943,677599,565509,486685,292879,148971,23141,0,0,0,0,0
2024-09-01,(신재생) (하동) 익산 다송리 태양광,893,4791,200,0,0,0,0,0,0,15186,129445,322528,470053,579973,675429,435341,586481,609622,480900,328314,133784,23864,0,0,0,0,0
2024-09-02,(신재생) (하동) 익산 다송리 태양광,893,1805,75,0,0,0,0,0,0,23141,136677,189467,141016,245151,145355,161264,185852,174281,163434,135954,88225,15186,0,0,0,0,0
2024-09-03,(신재생) (하동) 익산 다송리 태양광,893,3700,154,0,0,0,0,0,0,5785,69423,194529,370257,415816,538029,689169,567679,418708,94734,240088,80271,15909,0,0,0,0,0
2024-09-04,(신재생) (하동) 익산 다송리 태양광,893,5056,211,0,0,0,0,0,0,15909,127276,273354,494640,611068,673260,687000,650119,575634,470053,316743,140293,20248,0,0,0,0,0
2024-09-05,(신재생) (하동) 익산 다송리 태양광,893,3799,158,0,0,0,0,0,0,13740,115705,319636,480177,596605,665305,490301,407861,322528,211162,138846,35435,2169,0,0,0,0,0
2024-09-06,(신재생) (하동) 익산 다송리 태양광,893,1264,53,0,0,0,0,0,0,8678,45559,104858,233580,171388,185852,238642,106304,61468,45559,29649,28203,4339,0,0,0,0,0
2024-09-07,(신재생) (하동) 익산 다송리 태양광,893,3722,155,0,0,0,0,0,0,2893,44113,180066,236473,354347,616854,402076,437511,521397,461375,313851,133784,17356,0,0,0,0,0
2024-09-08,(신재생) (하동) 익산 다송리 태양광,893,4805,200,0,0,0,0,0,0,11571,73039,157648,401353,646503,687723,683384,627701,585035,470776,313127,132338,14463,0,0,0,0,0
2024-09-09,(신재생) (하동) 익산 다송리 태양광,893,4322,180,0,0,0,0,0,0,10124,80271,271907,440403,435341,611792,538753,587204,510549,417985,286371,120044,10847,0,0,0,0,0
2024-09-10,(신재생) (하동) 익산 다송리 태양광,893,4880,203,0,0,0,0,0,0,13017,111366,305173,472222,584312,653735,664582,637102,567679,444742,292156,118598,15186,0,0,0,0,0
2024-09-11,(신재생) (하동) 익산 다송리 태양광,893,2625,109,0,0,0,0,0,0,7955,61468,161987,303726,257444,303726,387613,463544,544538,123660,7955,1446,0,0,0,0,0,0
2024-09-12,(신재생) (하동) 익산 다송리 태양광,893,2500,104,0,0,0,0,0,0,5785,33988,109197,249489,355794,409307,330483,195976,128722,305173,297941,73039,5062,0,0,0,0,0
2024-09-13,(신재생) (하동) 익산 다송리 태양광,893,4130,172,0,0,0,0,0,0,10847,77378,209716,446912,576357,555385,568402,492471,452697,435341,177897,122214,4339,0,0,0,0,0
2024-09-14,(신재생) (하동) 익산 다송리 태양광,893,4142,173,0,0,0,0,0,0,14463,120044,311681,352901,498979,403522,532967,486685,556108,444742,295048,115705,8678,0,0,0,0,0
2024-09-15,(신재생) (하동) 익산 다송리 태양광,893,4609,192,0,0,0,0,0,0,9401,105581,293602,457036,579973,529352,644334,594436,557555,442573,273354,111366,10847,0,0,0,0,0
2024-09-16,(신재생) (하동) 익산 다송리 태양광,893,2697,112,0,0,0,0,0,0,5785,100519,284924,293602,373149,540922,347116,274077,201761,152586,81717,36881,3616,0,0,0,0,0
2024-09-17,(신재생) (하동) 익산 다송리 태양광,893,4809,200,0,0,0,0,0,0,7955,120044,313127,471499,579973,645057,664582,602391,530798,451974,286371,122214,13017,0,0,0,0,0
2024-09-18,(신재생) (하동) 익산 다송리 태양광,893,4235,176,0,0,0,0,0,0,9401,95457,248043,446188,606729,559001,403522,586481,528628,352901,290709,104135,3616,0,0,0,0,0
2024-09-19,(신재생) (하동) 익산 다송리 태양광,893,4081,170,0,0,0,0,0,0,8678,82440,268292,245151,553939,624808,607453,672537,504764,290709,135231,78101,8678,0,0,0,0,0
2024-09-20,(신재생) (하동) 익산 다송리 태양광,893,752,31,0,0,0,0,0,0,2893,1446,8678,47728,42666,124383,155479,161987,90395,84609,7955,22418,1446,0,0,0,0,0
2024-09-21,(신재생) (하동) 익산 다송리 태양광,893,512,21,0,0,0,0,0,0,0,0,723,12294,90395,41943,23864,123660,112089,34712,60022,11571,723,0,0,0,0,0
2024-09-22,(신재생) (하동) 익산 다송리 태양광,893,2766,115,0,0,0,0,0,0,3616,70146,237919,374596,466437,429556,373149,135954,201038,237919,165603,67977,2169,0,0,0,0,0
2024-09-23,(신재생) (하동) 익산 다송리 태양광,893,4876,203,0,0,0,0,0,0,10124,125829,345669,434618,628424,696401,569848,636379,579973,458482,291433,96180,2893,0,0,0,0,0
2024-09-24,(신재생) (하동) 익산 다송리 태양광,893,4894,204,0,0,0,0,0,0,7232,96180,347116,478731,607453,639995,700017,640718,570572,446912,281308,76655,1446,0,0,0,0,0
2024-09-25,(신재생) (하동) 익산 다송리 태양광,893,3290,137,0,0,0,0,0,0,9401,115705,246597,281308,282032,337715,243704,420155,555385,438234,269738,86779,2893,0,0,0,0,0
2024-09-26,(신재생) (하동) 익산 다송리 태양광,893,3757,157,0,0,0,0,0,0,6508,70146,241535,449804,146801,572018,577803,522120,431725,402076,254552,78824,2893,0,0,0,0,0
2024-09-27,(신재생) (하동) 익산 다송리 태양광,893,4729,197,0,0,0,0,0,0,723,103412,301557,472222,542368,668921,677599,641441,555385,433172,255275,75208,2169,0,0,0,0,0
2024-09-28,(신재생) (하동) 익산 다송리 태양광,893,4168,174,0,0,0,0,0,0,6508,101242,309512,484516,598052,665305,579973,475838,436787,279139,162711,67977,723,0,0,0,0,0
2024-09-29,(신재생) (하동) 익산 다송리 태양광,893,4055,169,0,0,0,0,0,0,5062,94011,300834,501148,608176,676876,467160,423771,463544,250213,197422,65084,1446,0,0,0,0,0
2024-09-30,(신재생) (하동) 익산 다송리 태양광,893,4857,202,0,0,0,0,0,0,5062,111366,333376,511996,636379,619746,666028,637102,572741,429556,255998,76655,723,0,0,0,0,0
2024-10-01,(신재생) (하동) 익산 다송리 태양광,893,976263,,0,0,0,0,0,0,5785,156202,225625,167773,44836,66531,56406,91118,53514,62915,29649,15186,723,0,0,0,0,0
2024-10-02,(신재생) (하동) 익산 다송리 태양광,893,4382337,,0,0,0,0,0,0,1446,47728,127999,210439,546707,653735,704356,685554,599498,460652,269738,73762,723,0,0,0,0,0
2024-10-03,(신재생) (하동) 익산 다송리 태양광,893,1227922,,0,0,0,0,0,0,0,20972,46282,125829,140293,154033,253105,200315,99796,101242,65084,20248,723,0,0,0,0,0
2024-10-04,(신재생) (하동) 익산 다송리 태양광,893,4860345,,0,0,0,0,0,0,3616,62192,255998,397014,655181,720988,727497,670367,585758,449081,263953,67977,723,0,0,0,0,0
2024-10-05,(신재생) (하동) 익산 다송리 태양광,893,4286159,,0,0,0,0,0,0,4339,104135,332653,532967,529352,556108,501872,479454,494640,433895,254552,62192,0,0,0,0,0,0
2024-10-06,(신재생) (하동) 익산 다송리 태양광,893,960353,,0,0,0,0,0,0,2169,20972,51344,105581,151863,174281,68700,88948,99796,114982,71593,10124,0,0,0,0,0,0
2024-10-07,(신재생) (하동) 익산 다송리 태양광,893,1963374,,0,0,0,0,0,0,723,21695,97626,284201,417985,342054,260337,191637,172112,108474,52067,14463,0,0,0,0,0,0
2024-10-08,(신재생) (하동) 익산 다송리 태양광,893,2898417,,0,0,0,0,0,0,1446,25311,75208,158372,374596,635656,595159,500425,235026,99796,154033,43389,0,0,0,0,0,0
2024-10-09,(신재생) (하동) 익산 다송리 태양광,893,3782113,,0,0,0,0,0,0,3616,75208,293602,483069,509103,587927,583588,434618,335545,271907,157648,46282,0,0,0,0,0,0
2024-10-10,(신재생) (하동) 익산 다송리 태양광,893,3242640,,0,0,0,0,0,0,0,45559,179343,404968,470776,407861,488855,397737,344946,274800,182236,45559,0,0,0,0,0,0
2024-10-11,(신재생) (하동) 익산 다송리 태양광,893,4122000,,0,0,0,0,0,0,1446,43389,142462,385443,576357,645057,658797,604560,511273,356517,161987,34712,0,0,0,0,0,0
2024-10-12,(신재생) (하동) 익산 다송리 태양광,893,4383061,,0,0,0,0,0,0,2169,62915,250213,441126,576357,644334,659520,612515,516335,383274,198145,36158,0,0,0,0,0,0
2024-10-13,(신재생) (하동) 익산 다송리 태양광,893,2970008,,0,0,0,0,0,0,2169,79547,255275,407861,509826,417262,392675,522843,182959,125106,64361,10124,0,0,0,0,0,0
2024-10-14,(신재생) (하동) 익산 다송리 태양광,893,739789,,0,0,0,0,0,0,0,15909,33265,75208,114259,117875,127999,84609,80271,57129,31819,1446,0,0,0,0,0,0
2024-10-15,(신재생) (하동) 익산 다송리 태양광,893,741959,,0,0,0,0,0,0,0,20248,53514,70146,70146,125829,99796,101965,76655,70146,44836,8678,0,0,0,0,0,0
2024-10-16,(신재생) (하동) 익산 다송리 태양광,893,3296153,,0,0,0,0,0,0,1446,36881,87502,247320,514888,429556,646503,532244,468606,186575,122937,21695,0,0,0,0,0,0
2024-10-17,(신재생) (하동) 익산 다송리 태양광,893,3627360,,0,0,0,0,0,0,723,25311,59299,183682,366641,606729,658074,608176,521397,377488,193806,26034,0,0,0,0,0,0
2024-10-18,(신재생) (하동) 익산 다송리 태양광,893,737620,,0,0,0,0,0,0,0,33988,69423,74485,94734,98349,78101,130892,74485,64361,17356,1446,0,0,0,0,0,0
2024-10-19,(신재생) (하동) 익산 다송리 태양광,893,1093415,,0,0,0,0,0,0,0,5062,76655,106304,95457,217671,307342,143908,78101,40497,18802,3616,0,0,0,0,0,0
2024-10-20,(신재생) (하동) 익산 다송리 태양광,893,3768376,,0,0,0,0,0,0,723,70146,261060,481623,608899,646503,558278,379658,339161,236473,168496,17356,0,0,0,0,0,0
2024-10-21,(신재생) (하동) 익산 다송리 태양광,893,1510676,,0,0,0,0,0,0,1446,36881,134507,272631,132338,116428,185852,195253,197422,175727,57129,5062,0,0,0,0,0,0
2024-10-22,(신재생) (하동) 익산 다송리 태양광,893,500425,,0,0,0,0,0,0,0,5062,16633,35435,50621,70869,146078,74485,67977,21695,10847,723,0,0,0,0,0,0
2024-10-23,(신재생) (하동) 익산 다송리 태양광,893,2442103,,0,0,0,0,0,0,0,16633,65084,128722,175004,226348,381104,380381,506934,376042,169942,15909,0,0,0,0,0,0
2024-10-24,(신재생) (하동) 익산 다송리 태양광,893,4232643,,0,0,0,0,0,0,0,31819,175727,394844,617577,676153,678322,612515,513442,360856,156925,14463,0,0,0,0,0,0
2024-10-25,(신재생) (하동) 익산 다송리 태양광,893,3359791,,0,0,0,0,0,0,723,52067,232857,425217,593713,576357,592266,435341,255275,133784,52067,10124,0,0,0,0,0,0
2024-10-26,(신재생) (하동) 익산 다송리 태양광,893,4310019,,0,0,0,0,0,0,0,47005,281308,476561,595159,647949,652288,590097,499702,354347,152586,13017,0,0,0,0,0,0
2024-10-27,(신재생) (하동) 익산 다송리 태양광,893,812831,,0,0,0,0,0,0,0,44113,63638,105581,67977,107751,67254,101242,103412,114982,34712,2169,0,0,0,0,0,0
2024-10-28,(신재생) (하동) 익산 다송리 태양광,893,2327122,,0,0,0,0,0,0,0,30373,153309,277693,325421,356517,453420,323252,191637,143185,57129,15186,0,0,0,0,0,0
2024-10-29,(신재생) (하동) 익산 다송리 태양광,893,2170196,,0,0,0,0,0,0,0,11571,64361,229241,208269,303003,321805,514888,266122,162711,81717,6508,0,0,0,0,0,0
2024-10-30,(신재생) (하동) 익산 다송리 태양광,893,3986769,,0,0,0,0,0,0,0,36158,225625,423047,556108,617577,619023,568402,480177,327591,123660,9401,0,0,0,0,0,0
2024-10-31,(신재생) (하동) 익산 다송리 태양광,893,3983876,,0,0,0,0,0,0,0,28203,131615,435341,569125,639272,633486,571295,491747,344946,129445,9401,0,0,0,0,0,0
2024-11-01,(신재생) (하동) 익산 다송리 태양광,893,340607,,0,0,0,0,0,0,0,723,13017,27480,47005,31819,45559,83886,53514,28203,9401,0,0,0,0,0,0,0
2024-11-02,(신재생) (하동) 익산 다송리 태양광,893,2955548,,0,0,0,0,0,0,0,7232,62192,131615,206823,433895,636379,572018,474392,316743,107751,6508,0,0,0,0,0,0
2024-11-03,(신재생) (하동) 익산 다송리 태양광,893,3654117,,0,0,0,0,0,0,0,31096,225625,433172,546707,605283,604560,547431,330483,245151,78824,5785,0,0,0,0,0,0
2024-11-04,(신재생) (하동) 익산 다송리 태양광,893,2638802,,0,0,0,0,0,0,0,5785,47728,157648,321082,397737,478007,490301,327591,313127,94011,5785,0,0,0,0,0,0
2024-11-05,(신재생) (하동) 익산 다송리 태양광,893,3683767,,0,0,0,0,0,0,0,21695,82440,325421,488132,647226,637825,576357,474392,324698,100519,5062,0,0,0,0,0,0
2024-11-06,(신재생) (하동) 익산 다송리 태양광,893,4075717,,0,0,0,0,0,0,0,28926,227072,457759,579249,647949,637102,579973,477284,335545,99796,5062,0,0,0,0,0,0
2024-11-07,(신재생) (하동) 익산 다송리 태양광,893,4035945,,0,0,0,0,0,0,0,27480,224902,470053,599498,653735,644334,584312,459928,278416,88948,4339,0,0,0,0,0,0
2024-11-08,(신재생) (하동) 익산 다송리 태양광,893,3439340,,0,0,0,0,0,0,0,20248,212608,402076,543092,590097,570572,513442,284924,217671,75932,8678,0,0,0,0,0,0
2024-11-09,(신재생) (하동) 익산 다송리 태양광,893,3155138,,0,0,0,0,0,0,0,23141,172835,396291,540199,592989,446188,299387,384720,224902,71593,2893,0,0,0,0,0,0
2024-11-10,(신재생) (하동) 익산 다송리 태양광,893,1813680,,0,0,0,0,0,0,0,7955,56406,193806,356517,266845,191637,183682,227795,251659,73762,3616,0,0,0,0,0,0
2024-11-11,(신재생) (하동) 익산 다송리 태양광,893,3510931,,0,0,0,0,0,0,0,20248,151863,380381,511273,583588,582865,512719,426663,268292,69423,3616,0,0,0,0,0,0
2024-11-12,(신재생) (하동) 익산 다송리 태양광,893,3273737,,0,0,0,0,0,0,0,20972,112813,313851,467883,516335,531521,517058,432448,284201,73039,3616,0,0,0,0,0,0
2024-11-13,(신재생) (하동) 익산 다송리 태양광,893,3472604,,0,0,0,0,0,0,0,20248,148971,376042,540199,535860,577080,523566,420878,261783,64361,3616,0,0,0,0,0,0
2024-11-14,(신재생) (하동) 익산 다송리 태양광,893,1735578,,0,0,0,0,0,0,0,20248,49175,124383,265399,454143,457759,222009,83886,36881,21695,0,0,0,0,0,0,0
2024-11-15,(신재생) (하동) 익산 다송리 태양광,893,1870810,,0,0,0,0,0,0,0,1446,26034,203931,358686,193806,470053,222009,135954,190191,66531,2169,0,0,0,0,0,0
2024-11-16,(신재생) (하동) 익산 다송리 태양광,893,2902756,,0,0,0,0,0,0,0,12294,132338,381104,290709,517781,564786,501872,366641,104135,31096,0,0,0,0,0,0,0
2024-11-17,(신재생) (하동) 익산 다송리 태양광,893,961800,,0,0,0,0,0,0,0,3616,19525,73762,99796,85333,164157,184405,179343,99073,50621,2169,0,0,0,0,0,0
2024-11-18,(신재생) (하동) 익산 다송리 태양광,893,4025095,,0,0,0,0,0,0,0,12294,153309,450527,603114,674706,670367,600221,496809,289263,72316,2169,0,0,0,0,0,0
2024-11-19,(신재생) (하동) 익산 다송리 태양광,893,2390038,,0,0,0,0,0,0,0,13017,135231,409307,459928,442573,299387,336992,164880,91118,34712,2893,0,0,0,0,0,0
2024-11-20,(신재생) (하동) 익산 다송리 태양광,893,2831885,,0,0,0,0,0,0,0,18079,130168,373149,482346,535860,459205,427386,227795,123660,52791,1446,0,0,0,0,0,0
2024-11-21,(신재생) (하동) 익산 다송리 태양광,893,2698825,,0,0,0,0,0,0,0,8678,52791,226348,302280,511996,506934,448358,370980,211885,57129,1446,0,0,0,0,0,0
2024-11-22,(신재생) (하동) 익산 다송리 태양광,893,3509484,,0,0,0,0,0,0,0,10847,112089,357240,530798,606729,603837,540922,444019,238642,62192,2169,0,0,0,0,0,0
2024-11-23,(신재생) (하동) 익산 다송리 태양광,893,3309893,,0,0,0,0,0,0,0,5785,51344,306619,529352,594436,550323,540199,438957,229964,60745,2169,0,0,0,0,0,0
2024-11-24,(신재생) (하동) 익산 다송리 태양광,893,3411135,,0,0,0,0,0,0,0,8678,107027,341331,517058,585758,594436,535860,435341,226348,57129,2169,0,0,0,0,0,0
2024-11-25,(신재생) (하동) 익산 다송리 태양광,893,2869491,,0,0,0,0,0,0,0,7955,103412,334099,509826,566956,498979,393398,273354,145355,33988,2169,0,0,0,0,0,0
2024-11-26,(신재생) (하동) 익산 다송리 태양광,893,2541898,,0,0,0,0,0,0,0,0,15909,60745,386889,603837,348562,368087,472222,224179,60745,723,0,0,0,0,0,0
2024-11-27,(신재생) (하동) 익산 다송리 태양광,893,1126678,,0,0,0,0,0,0,0,1446,20248,60745,88948,133784,326144,133784,190191,138123,31096,2169,0,0,0,0,0,0
2024-11-28,(신재생) (하동) 익산 다송리 태양광,893,1347243,,0,0,0,0,0,0,0,5062,75208,205377,239365,232134,164880,203207,90395,80271,50621,723,0,0,0,0,0,0
2024-11-29,(신재생) (하동) 익산 다송리 태양광,893,702184,,0,0,0,0,0,0,0,1446,23141,83163,130168,97626,143908,98349,61468,44836,17356,723,0,0,0,0,0,0
2024-11-30,(신재생) (하동) 익산 다송리 태양광,893,1639399,,0,0,0,0,0,0,0,7232,97626,81717,221286,83886,387613,305896,214055,178620,59299,2169,0,0,0,0,0,0
2024-12-01,(신재생) (하동) 익산 다송리 태양광,893,1130296,,0,0,0,0,0,0,0,5785,57853,151140,153309,128722,49898,193083,232134,127999,30373,0,0,0,0,0,0,0
2024-12-02,(신재생) (하동) 익산 다송리 태양광,893,2231666,,0,0,0,0,0,0,0,5785,75932,254552,443296,509103,310235,303726,240812,44113,43389,723,0,0,0,0,0,0
2024-12-03,(신재생) (하동) 익산 다송리 태양광,893,2980857,,0,0,0,0,0,0,0,7955,67254,130168,416539,567679,574911,582865,421601,151863,58576,1446,0,0,0,0,0,0
2024-12-04,(신재생) (하동) 익산 다송리 태양광,893,3233239,,0,0,0,0,0,0,0,2169,62915,261060,512719,590820,598052,541645,420155,193083,49898,723,0,0,0,0,0,0
2024-12-05,(신재생) (하동) 익산 다송리 태양광,893,1597455,,0,0,0,0,0,0,0,0,14463,31819,295048,179343,412923,332653,211162,74485,45559,0,0,0,0,0,0,0
2024-12-06,(신재생) (하동) 익산 다송리 태양광,893,2700272,,0,0,0,0,0,0,0,6508,39774,86779,177897,559724,602391,564786,449081,177897,35435,0,0,0,0,0,0,0
2024-12-07,(신재생) (하동) 익산 다송리 태양광,893,1100647,,0,0,0,0,0,0,0,723,41220,122937,148247,227795,218394,130892,83886,94734,31819,0,0,0,0,0,0,0
2024-12-08,(신재생) (하동) 익산 다송리 태양광,893,3376425,,0,0,0,0,0,0,0,2169,57853,264676,518504,616854,626978,571295,451251,211885,53514,1446,0,0,0,0,0,0
2024-12-09,(신재생) (하동) 익산 다송리 태양광,893,1264802,,0,0,0,0,0,0,0,3616,79547,269015,215501,229964,175727,125829,84609,59299,21695,0,0,0,0,0,0,0
2024-12-10,(신재생) (하동) 익산 다송리 태양광,893,3098006,,0,0,0,0,0,0,0,4339,65807,252382,496809,582142,582865,509103,359409,188744,54960,1446,0,0,0,0,0,0
2024-12-11,(신재생) (하동) 익산 다송리 태양광,893,2433427,,0,0,0,0,0,0,0,2893,63638,158372,300834,404968,424494,525013,363748,151140,36881,1446,0,0,0,0,0,0
2024-12-12,(신재생) (하동) 익산 다송리 태양광,893,3047387,,0,0,0,0,0,0,0,3616,72316,246597,490301,596605,590820,397014,393398,208269,47005,1446,0,0,0,0,0,0
2024-12-13,(신재생) (하동) 익산 다송리 태양광,893,791134,,0,0,0,0,0,0,0,723,32542,119321,141016,146078,112089,51344,47728,91118,48452,723,0,0,0,0,0,0
2024-12-14,(신재생) (하동) 익산 다송리 태양광,893,1562742,,0,0,0,0,0,0,0,2169,62192,166326,208269,298664,314574,124383,253828,98349,33265,723,0,0,0,0,0,0
2024-12-15,(신재생) (하동) 익산 다송리 태양광,893,1095584,,0,0,0,0,0,0,0,0,3616,82440,198145,482346,149694,46282,34712,61468,36158,723,0,0,0,0,0,0
2024-12-16,(신재생) (하동) 익산 다송리 태양광,893,2897694,,0,0,0,0,0,0,0,1446,62192,235026,480900,590097,511996,443296,376765,154033,41943,0,0,0,0,0,0,0
2024-12-17,(신재생) (하동) 익산 다송리 태양광,893,3185509,,0,0,0,0,0,0,0,1446,59299,227072,471499,592266,597328,545984,413646,201761,70146,5062,0,0,0,0,0,0
2024-12-18,(신재생) (하동) 익산 다송리 태양광,893,1886719,,0,0,0,0,0,0,0,2169,50621,185128,273354,195253,344946,286371,240812,243704,62915,1446,0,0,0,0,0,0
2024-12-19,(신재생) (하동) 익산 다송리 태양광,893,3252041,,0,0,0,0,0,0,0,2169,62915,232857,475838,600944,616854,570572,438234,194529,55683,1446,0,0,0,0,0,0
2024-12-20,(신재생) (하동) 익산 다송리 태양광,893,626254,,0,0,0,0,0,0,0,1446,52791,148247,98349,104135,109920,37604,26757,18802,28203,0,0,0,0,0,0,0
2024-12-21,(신재생) (하동) 익산 다송리 태양광,893,990003,,0,0,0,0,0,0,0,0,10124,148971,166326,205377,122214,258167,42666,27480,8678,0,0,0,0,0,0,0
2024-12-22,(신재생) (하동) 익산 다송리 태양광,893,3385101,,0,0,0,0,0,0,0,1446,60745,237919,486685,624085,642164,591543,456313,219840,62192,2169,0,0,0,0,0,0
2024-12-23,(신재생) (하동) 익산 다송리 태양광,893,1706653,,0,0,0,0,0,0,0,0,37604,78824,130892,348562,587204,336992,122214,30373,32542,1446,0,0,0,0,0,0
2024-12-24,(신재생) (하동) 익산 다송리 태양광,893,3092224,,0,0,0,0,0,0,0,1446,53514,215501,444742,572018,590097,519951,428833,206823,58576,723,0,0,0,0,0,0
2024-12-25,(신재생) (하동) 익산 다송리 태양광,893,2326399,,0,0,0,0,0,0,0,723,40497,135954,378935,502595,548877,221286,243704,210439,41220,2169,0,0,0,0,0,0
2024-12-26,(신재생) (하동) 익산 다송리 태양광,893,2753785,,0,0,0,0,0,0,0,723,40497,172835,297941,416539,470776,601667,459928,219117,70146,3616,0,0,0,0,0,0
2024-12-27,(신재생) (하동) 익산 다송리 태양광,893,2473921,,0,0,0,0,0,0,0,0,37604,213332,404968,455589,538029,353624,238642,175727,55683,723,0,0,0,0,0,0
2024-12-28,(신재생) (하동) 익산 다송리 태양광,893,1268419,,0,0,0,0,0,0,0,0,2169,17356,78824,295772,252382,240812,250936,92564,36158,1446,0,0,0,0,0,0
2024-12-29,(신재생) (하동) 익산 다송리 태양광,893,1762336,,0,0,0,0,0,0,0,0,20972,148971,164157,125829,350008,374596,359409,162711,52067,3616,0,0,0,0,0,0
2024-12-30,(신재생) (하동) 익산 다송리 태양광,893,1006636,,0,0,0,0,0,0,0,0,13017,36881,62915,59299,113536,193806,347839,139569,36881,2893,0,0,0,0,0,0
2024-12-31,(신재생) (하동) 익산 다송리 태양광,893,3397396,,0,0,0,0,0,0,0,723,52067,222733,477284,611792,635656,591543,480900,242981,78101,3616,0,0,0,0,0,0
2025-01-01,(신재생) (하동) 익산 다송리 태양광,893,3113917,,0,0,0,0,0,0,0,1446,53514,209716,438957,560447,582142,532967,432448,223456,74485,4339,0,0,0,0,0,0
2025-01-02,(신재생) (하동) 익산 다송리 태양광,893,3145738,,0,0,0,0,0,0,0,723,48452,198145,434618,576357,595882,552493,438957,224179,71593,4339,0,0,0,0,0,0
2025-01-03,(신재생) (하동) 익산 다송리 태양광,893,3369193,,0,0,0,0,0,0,0,723,54237,227795,490301,611068,629871,579973,418708,246597,105581,4339,0,0,0,0,0,0
2025-01-04,(신재생) (하동) 익산 다송리 태양광,893,2798620,,0,0,0,0,0,0,0,0,12294,64361,422324,597328,619746,588651,224902,170665,93287,5062,0,0,0,0,0,0
2025-01-05,(신재생) (하동) 익산 다송리 태양광,893,582867,,0,0,0,0,0,0,0,0,2893,9401,40497,129445,64361,95457,117152,81717,39051,2893,0,0,0,0,0,0
2025-01-06,(신재생) (하동) 익산 다송리 태양광,893,1598180,,0,0,0,0,0,0,0,723,28203,105581,145355,302280,319636,291433,240812,122937,36881,4339,0,0,0,0,0,0
2025-01-07,(신재생) (하동) 익산 다송리 태양광,893,1991577,,0,0,0,0,0,0,0,1446,45559,211162,331929,456313,247320,226348,217671,163434,87502,2893,0,0,0,0,0,0
2025-01-08,(신재생) (하동) 익산 다송리 태양광,893,715926,,0,0,0,0,0,0,0,0,1446,15186,12294,161987,251659,51344,114259,60745,44113,2893,0,0,0,0,0,0
2025-01-09,(신재생) (하동) 익산 다송리 태양광,893,1164285,,0,0,0,0,0,0,0,723,25311,89672,250213,405692,131615,65807,73762,92564,27480,1446,0,0,0,0,0,0
2025-01-10,(신재생) (하동) 익산 다송리 태양광,893,3267951,,0,0,0,0,0,0,0,0,22418,100519,323252,619746,661689,622639,511996,295772,101965,7955,0,0,0,0,0,0
2025-01-11,(신재생) (하동) 익산 다송리 태양광,893,2641697,,0,0,0,0,0,0,0,0,21695,135954,491024,568402,548154,467883,242981,99073,57853,8678,0,0,0,0,0,0
2025-01-12,(신재생) (하동) 익산 다송리 태양광,893,3069804,,0,0,0,0,0,0,0,1446,70869,204654,299387,521397,595882,548154,455589,271184,92564,8678,0,0,0,0,0,0
2025-01-13,(신재생) (하동) 익산 다송리 태양광,893,2930236,,0,0,0,0,0,0,0,0,42666,239365,324698,544538,567679,517058,383997,246597,58576,5062,0,0,0,0,0,0
2025-01-14,(신재생) (하동) 익산 다송리 태양광,893,2551301,,0,0,0,0,0,0,0,1446,25311,123660,365918,480900,297218,474392,421601,248766,101965,10124,0,0,0,0,0,0
2025-01-15,(신재생) (하동) 익산 다송리 태양광,893,3482005,,0,0,0,0,0,0,0,1446,57129,250936,473668,559001,651565,544538,484516,336992,113536,8678,0,0,0,0,0,0
2025-01-16,(신재생) (하동) 익산 다송리 태양광,893,2537563,,0,0,0,0,0,0,0,0,17356,135231,263953,590820,271907,447635,389059,300111,108474,13017,0,0,0,0,0,0
2025-01-17,(신재생) (하동) 익산 다송리 태양광,893,3533349,,0,0,0,0,0,0,0,723,58576,245874,485962,587204,615407,585035,495363,331929,117152,10124,0,0,0,0,0,0
2025-01-18,(신재생) (하동) 익산 다송리 태양광,893,3133443,,0,0,0,0,0,0,0,2169,59299,264676,499702,540922,548877,533691,355071,229964,88225,10847,0,0,0,0,0,0
2025-01-19,(신재생) (하동) 익산 다송리 태양광,893,2123192,,0,0,0,0,0,0,0,2169,48452,128722,302280,291433,321805,375319,425940,155479,60022,11571,0,0,0,0,0,0
2025-01-20,(신재생) (하동) 익산 다송리 태양광,893,2507910,,0,0,0,0,0,0,0,723,31819,151140,314574,459205,395567,390505,421601,262506,69423,10847,0,0,0,0,0,0
2025-01-21,(신재생) (하동) 익산 다송리 태양광,893,2912155,,0,0,0,0,0,0,0,1446,47728,184405,363748,491024,526459,503318,410031,266845,102688,14463,0,0,0,0,0,0
2025-01-22,(신재생) (하동) 익산 다송리 태양광,893,2092096,,0,0,0,0,0,0,0,2169,49175,169219,315297,408584,409307,274077,207546,196699,52791,7232,0,0,0,0,0,0
2025-01-23,(신재생) (하동) 익산 다송리 태양광,893,3296877,,0,0,0,0,0,0,0,723,41220,203931,393398,531521,574187,563340,488855,350008,135954,13740,0,0,0,0,0,0
2025-01-24,(신재생) (하동) 익산 다송리 태양광,893,3539855,,0,0,0,0,0,0,0,2169,70869,297941,518504,606729,614684,463544,478007,339884,129445,18079,0,0,0,0,0,0
2025-01-25,(신재생) (하동) 익산 다송리 태양광,893,3756805,,0,0,0,0,0,0,0,2169,68700,310235,528628,632763,662413,650119,492471,292879,101965,14463,0,0,0,0,0,0
2025-01-26,(신재생) (하동) 익산 다송리 태양광,893,1703760,,0,0,0,0,0,0,0,2893,44113,200315,360133,389782,208269,192360,130168,109920,54960,10847,0,0,0,0,0,0
2025-01-27,(신재생) (하동) 익산 다송리 태양광,893,1346519,,0,0,0,0,0,0,0,0,8678,27480,29649,136677,263229,208993,459928,192360,19525,0,0,0,0,0,0,0
2025-01-28,(신재생) (하동) 익산 다송리 태양광,893,2024119,,0,0,0,0,0,0,0,0,0,6508,16633,171388,473668,548154,433172,265399,94011,15186,0,0,0,0,0,0
2025-01-29,(신재생) (하동) 익산 다송리 태양광,893,1506339,,0,0,0,0,0,0,0,0,5062,16633,67254,213332,227795,308065,350008,195253,96180,26757,0,0,0,0,0,0
2025-01-30,(신재생) (하동) 익산 다송리 태양광,893,3535520,,0,0,0,0,0,0,0,723,39051,202484,323252,483793,666752,643611,549600,413646,184405,28203,0,0,0,0,0,0
2025-01-31,(신재생) (하동) 익산 다송리 태양광,893,1837546,,0,0,0,0,0,0,0,2893,31096,89672,214055,261783,296495,327591,282755,266845,56406,7955,0,0,0,0,0,0
2025-02-01,(신재생) (하동) 익산 다송리 태양광,893,1387740,,0,0,0,0,0,0,0,0,15186,48452,65807,96180,122937,206100,324698,315297,172835,20248,0,0,0,0,0,0
2025-02-02,(신재생) (하동) 익산 다송리 태양광,893,2879614,,0,0,0,0,0,0,0,723,28203,80271,247320,564786,631317,539476,421601,230687,105581,29649,0,0,0,0,0,0
2025-02-03,(신재생) (하동) 익산 다송리 태양광,893,3961460,,0,0,0,0,0,0,0,3616,86779,370980,483793,655181,747745,598775,609622,258891,113536,32542,0,0,0,0,0,0
2025-02-04,(신재생) (하동) 익산 다송리 태양광,893,3414029,,0,0,0,0,0,0,0,7232,120767,214055,529352,630594,413646,535137,391952,359409,184405,27480,0,0,0,0,0,0
2025-02-05,(신재생) (하동) 익산 다송리 태양광,893,3903607,,0,0,0,0,0,0,0,2169,52791,222733,538029,662413,673260,643611,540922,414369,99796,53514,0,0,0,0,0,0
2025-02-06,(신재생) (하동) 익산 다송리 태양광,893,3495745,,0,0,0,0,0,0,0,5062,116428,403522,483793,571295,560447,430279,309512,395567,204654,15186,0,0,0,0,0,0
2025-02-07,(신재생) (하동) 익산 다송리 태양광,893,234301,,0,0,0,0,0,0,0,0,3616,20248,15909,23864,46282,36881,40497,29649,15186,2169,0,0,0,0,0,0
2025-02-08,(신재생) (하동) 익산 다송리 태양광,893,2969287,,0,0,0,0,0,0,0,0,7232,27480,51344,300834,532244,651565,572018,498979,277693,49175,723,0,0,0,0,0
2025-02-09,(신재생) (하동) 익산 다송리 태양광,893,3595543,,0,0,0,0,0,0,0,7232,135954,398460,570572,402799,658074,404245,475838,365918,150417,26034,0,0,0,0,0,0
2025-02-10,(신재생) (하동) 익산 다송리 태양광,893,3006890,,0,0,0,0,0,0,0,8678,93287,312404,512719,661689,296495,417985,210439,242258,199592,51344,0,0,0,0,0,0
2025-02-11,(신재생) (하동) 익산 다송리 태양광,893,4437295,,0,0,0,0,0,0,0,8678,127999,383997,562617,666028,697124,660966,573464,446188,258167,51344,723,0,0,0,0,0
2025-02-12,(신재생) (하동) 익산 다송리 태양광,893,382551,,0,0,0,0,0,0,0,0,2893,7955,14463,33988,49898,90395,99796,65084,13017,5062,0,0,0,0,0,0
2025-02-13,(신재생) (하동) 익산 다송리 태양광,893,4708481,,0,0,0,0,0,0,0,9401,162711,426663,590820,687723,715926,694955,613961,478731,261060,65084,1446,0,0,0,0,0
2025-02-14,(신재생) (하동) 익산 다송리 태양광,893,4277480,,0,0,0,0,0,0,0,10124,146801,386166,553216,639995,657351,595882,553216,428833,247320,57853,723,0,0,0,0,0
2025-02-15,(신재생) (하동) 익산 다송리 태양광,893,1953972,,0,0,0,0,0,0,0,5062,68700,212608,293602,164880,213332,233580,269738,252382,201761,38327,0,0,0,0,0,0
2025-02-16,(신재생) (하동) 익산 다송리 태양광,893,2753785,,0,0,0,0,0,0,0,8678,91118,292156,321805,418708,501872,409307,414369,151140,107751,36881,0,0,0,0,0,0
2025-02-17,(신재생) (하동) 익산 다송리 태양광,893,4873360,,0,0,0,0,0,0,0,13740,175727,418708,595882,689169,743406,704356,632763,502595,319636,76655,723,0,0,0,0,0
2025-02-18,(신재생) (하동) 익산 다송리 태양광,893,4718605,,0,0,0,0,0,0,0,15909,195253,447635,617577,718096,704356,545984,552493,519227,316743,83886,1446,0,0,0,0,0
2025-02-19,(신재생) (하동) 익산 다송리 태양광,893,4780795,,0,0,0,0,0,0,0,15909,188744,423047,511273,597328,738344,728220,643611,518504,322528,91118,2169,0,0,0,0,0
2025-02-20,(신재생) (하동) 익산 다송리 태양광,893,4875531,,0,0,0,0,0,0,0,15909,177174,405692,589374,699294,733282,707248,627701,506211,318189,94011,1446,0,0,0,0,0
2025-02-21,(신재생) (하동) 익산 다송리 태양광,893,4681724,,0,0,0,0,0,0,0,12294,134507,362302,595159,639272,710141,681938,622639,505487,319636,96180,2169,0,0,0,0,0
2025-02-22,(신재생) (하동) 익산 다송리 태양광,893,4722220,,0,0,0,0,0,0,0,1446,47728,297941,629871,729666,744853,708695,637825,504041,321082,97626,1446,0,0,0,0,0
2025-02-23,(신재생) (하동) 익산 다송리 태양광,893,4144419,,0,0,0,0,0,0,0,20972,154756,413646,574911,517781,622639,731113,590820,338438,129445,48452,1446,0,0,0,0,0
2025-02-24,(신재생) (하동) 익산 다송리 태양광,893,5065723,,0,0,0,0,0,0,0,22418,216224,454866,617577,658074,726051,726051,654458,529352,342054,115705,2893,0,0,0,0,0
2025-02-25,(신재생) (하동) 익산 다송리 태양광,893,3749574,,0,0,0,0,0,0,0,20972,206100,423771,531521,585035,438957,582865,566956,226348,120044,45559,1446,0,0,0,0,0
2025-02-26,(신재생) (하동) 익산 다송리 태양광,893,4816955,,0,0,0,0,0,0,0,22418,172112,381827,560447,661689,705802,699294,633486,520674,338438,117152,3616,0,0,0,0,0
2025-02-27,(신재생) (하동) 익산 다송리 태양광,893,4753316,,0,0,0,0,0,0,0,23864,215501,444742,577803,673983,717373,683384,592266,450527,277693,94734,1446,0,0,0,0,0
2025-02-28,(신재생) (하동) 익산 다송리 태양광,893,2740768,,0,0,0,0,0,0,0,2169,33988,141739,316743,283478,325421,299387,389059,519951,315297,109920,3616,0,0,0,0,0
2025-03-01,(신재생) (하동) 익산 다송리 태양광,893,607452,,0,0,0,0,0,0,0,28926,86779,46282,44113,32542,102688,88225,51344,36881,75932,13740,0,0,0,0,0,0
2025-03-02,(신재생) (하동) 익산 다송리 태양광,893,2399439,,0,0,0,0,0,0,0,723,13017,49898,143185,213332,493194,568402,410754,307342,181513,18079,0,0,0,0,0,0
2025-03-03,(신재생) (하동) 익산 다송리 태양광,893,3032925,,0,0,0,0,0,0,0,3616,51344,127999,360133,687723,761485,420878,291433,146078,120767,58576,2893,0,0,0,0,0
2025-03-04,(신재생) (하동) 익산 다송리 태양광,893,1647354,,0,0,0,0,0,0,0,4339,18802,54960,107751,114259,59299,128722,247320,458482,357963,91841,3616,0,0,0,0,0
2025-03-05,(신재생) (하동) 익산 다송리 태양광,893,1181640,,0,0,0,0,0,0,0,3616,43389,76655,141016,167049,204654,224179,182959,88225,40497,9401,0,0,0,0,0,0
2025-03-06,(신재생) (하동) 익산 다송리 태양광,893,3866004,,0,0,0,0,0,0,0,30373,204654,447635,593713,688446,437511,282032,317466,451251,293602,114259,5062,0,0,0,0,0
2025-03-07,(신재생) (하동) 익산 다송리 태양광,893,4310021,,0,0,0,0,0,0,0,40497,208993,423047,573464,619746,616854,646503,494640,389782,224179,67254,5062,0,0,0,0,0
2025-03-08,(신재생) (하동) 익산 다송리 태양광,893,2885399,,0,0,0,0,0,0,0,37604,118598,154756,160541,202484,483069,587204,475838,271907,270461,115705,7232,0,0,0,0,0
2025-03-09,(신재생) (하동) 익산 다송리 태양광,893,1306024,,0,0,0,0,0,0,0,39774,198868,419432,593713,54237,0,0,0,0,0,0,0,0,0,0,0,0
2025-03-10,(신재생) (하동) 익산 다송리 태양광,893,3373532,,0,0,0,0,0,0,0,0,0,0,165603,554662,579973,535137,587204,489578,325421,126553,9401,0,0,0,0,0
2025-03-11,(신재생) (하동) 익산 다송리 태양광,893,5130083,,0,0,0,0,0,0,0,53514,247320,462098,611792,703633,737621,705079,632040,505487,334099,130168,7232,0,0,0,0,0
2025-03-12,(신재생) (하동) 익산 다송리 태양광,893,2583843,,0,0,0,0,0,0,0,56406,83886,104135,172835,207546,232134,308065,530798,479454,316743,88225,3616,0,0,0,0,0
2025-03-13,(신재생) (하동) 익산 다송리 태양광,893,4075716,,0,0,0,0,0,0,0,28926,169219,289986,348562,423047,563340,689893,538029,531521,350008,134507,8678,0,0,0,0,0
2025-03-14,(신재생) (하동) 익산 다송리 태양광,893,5132974,,0,0,0,0,0,0,0,57129,259614,463544,613961,714480,747745,712311,639995,509826,313127,90395,10847,0,0,0,0,0
2025-03-15,(신재생) (하동) 익산 다송리 태양광,893,3777054,,0,0,0,0,0,0,0,3616,104135,288540,242981,344223,661689,708695,655181,488855,202484,69423,7232,0,0,0,0,0
2025-03-16,(신재생) (하동) 익산 다송리 태양광,893,2635910,,0,0,0,0,0,0,723,25311,78101,50621,133061,71593,288540,393398,538029,519227,370257,157648,9401,0,0,0,0,0
2025-03-17,(신재생) (하동) 익산 다송리 태양광,893,5480091,,0,0,0,0,0,0,1446,69423,289986,504764,654458,744853,772333,724604,666752,533691,356517,148247,13017,0,0,0,0,0
2025-03-18,(신재생) (하동) 익산 다송리 태양광,893,2434148,,0,0,0,0,0,0,0,5062,62915,238642,263229,147524,344223,523566,386166,185128,213332,57853,6508,0,0,0,0,0
2025-03-19,(신재생) (하동) 익산 다송리 태양광,893,5134421,,0,0,0,0,0,0,2169,78824,295772,501872,531521,462098,745576,762208,680492,545984,363025,150417,14463,0,0,0,0,0
2025-03-20,(신재생) (하동) 익산 다송리 태양광,893,4847329,,0,0,0,0,0,0,2893,75932,282032,477284,591543,458482,707972,691339,620469,492471,311681,122214,13017,0,0,0,0,0
2025-03-21,(신재생) (하동) 익산 다송리 태양광,893,5211075,,0,0,0,0,0,0,2169,71593,276246,467883,615407,699294,730389,703633,637102,513442,337715,141739,14463,0,0,0,0,0
2025-03-22,(신재생) (하동) 익산 다송리 태양광,893,5072228,,0,0,0,0,0,0,2169,70869,266122,454866,590820,684831,717373,686277,615407,498979,329760,139569,15186,0,0,0,0,0
2025-03-23,(신재생) (하동) 익산 다송리 태양광,893,4782244,,0,0,0,0,0,0,3616,75932,278416,471499,608899,697124,627701,676153,596605,425940,225625,86056,8678,0,0,0,0,0
2025-03-24,(신재생) (하동) 익산 다송리 태양광,893,4351964,,0,0,0,0,0,0,2169,43389,133784,348562,550323,631317,648673,627701,557555,433172,261783,101242,12294,0,0,0,0,0
2025-03-25,(신재생) (하동) 익산 다송리 태양광,893,3768375,,0,0,0,0,0,0,1446,37604,171388,425940,531521,565509,634933,593713,268292,227072,194529,97626,18802,0,0,0,0,0
2025-03-26,(신재생) (하동) 익산 다송리 태양광,893,4991957,,0,0,0,0,0,0,5785,89672,287817,467160,591543,666028,692785,660243,592989,472945,318189,135954,10847,0,0,0,0,0
2025-03-27,(신재생) (하동) 익산 다송리 태양광,893,812105,,0,0,0,0,0,0,723,9401,10847,72316,74485,75932,125829,106304,87502,122937,98349,26757,723,0,0,0,0,0
2025-03-28,(신재생) (하동) 익산 다송리 태양광,893,5117789,,0,0,0,0,0,0,2169,52791,244427,370980,496809,614684,774502,735452,684831,571295,389059,163434,17356,0,0,0,0,0
2025-03-29,(신재생) (하동) 익산 다송리 태양광,893,4213119,,0,0,0,0,0,0,8678,121491,302280,468606,631317,425940,476561,301557,475115,532967,360856,94011,13740,0,0,0,0,0
2025-03-30,(신재생) (하동) 익산 다송리 태양광,893,4788751,,0,0,0,0,0,0,8678,129445,334822,530075,673260,676876,591543,441849,521397,441849,239365,177174,22418,0,0,0,0,0
2025-03-31,(신재생) (하동) 익산 다송리 태양광,893,5088863,,0,0,0,0,0,0,5062,86779,264676,497533,611068,584312,751361,720265,610345,493194,321082,121491,21695,0,0,0,0,0
2025-04-01,(신재생) (하동) 익산 다송리 태양광,893,5111280,,0,0,0,0,0,0,5062,47728,111366,357963,653735,744853,770163,731836,650119,520674,343500,152586,21695,0,0,0,0,0
2025-04-02,(신재생) (하동) 익산 다송리 태양광,893,4041729,,0,0,0,0,0,0,10847,115705,317466,493917,617577,699294,579249,551769,383274,153309,71593,26034,21695,0,0,0,0,0
2025-04-03,(신재생) (하동) 익산 다송리 태양광,893,4327376,,0,0,0,0,0,0,2893,97626,253105,404245,336992,621193,468606,689169,450527,500425,331929,148971,21695,0,0,0,0,0
2025-04-04,(신재생) (하동) 익산 다송리 태양광,893,5294960,,0,0,0,0,0,0,7955,101965,294325,487408,629147,702186,734728,702186,632040,499702,336992,143908,22418,0,0,0,0,0
2025-04-05,(신재생) (하동) 익산 다송리 태양광,893,876468,,0,0,0,0,0,0,2169,64361,297941,197422,34712,44113,44113,36881,75932,32542,34712,10847,723,0,0,0,0,0
2025-04-06,(신재생) (하동) 익산 다송리 태양광,893,1025439,,0,0,0,0,0,0,13017,130892,351455,530075,0,0,0,0,0,0,0,0,0,0,0,0,0,0
2025-04-07,(신재생) (하동) 익산 다송리 태양광,893,4291942,,0,0,0,0,0,0,0,0,0,0,522120,723158,742683,702186,622639,499702,314574,141016,23864,0,0,0,0,0
2025-04-08,(신재생) (하동) 익산 다송리 태양광,893,5187211,,0,0,0,0,0,0,11571,57129,147524,411477,582865,719542,756423,731836,665305,536583,376042,165603,25311,0,0,0,0,0
2025-04-09,(신재생) (하동) 익산 다송리 태양광,893,3586864,,0,0,0,0,0,0,18079,135954,275523,475838,403522,453420,569125,429556,302280,282755,121491,99796,19525,0,0,0,0,0
2025-04-10,(신재생) (하동) 익산 다송리 태양광,893,3710523,,0,0,0,0,0,0,1446,20972,50621,224902,435341,420155,332653,583588,599498,496086,350732,164880,29649,0,0,0,0,0
2025-04-11,(신재생) (하동) 익산 다송리 태양광,893,5528542,,0,0,0,0,0,0,18802,143185,351455,522120,645780,728220,742683,703633,629147,515612,352901,147524,27480,0,0,0,0,0
2025-04-12,(신재생) (하동) 익산 다송리 태양광,893,2138378,,0,0,0,0,0,0,16633,138123,324698,463544,272631,183682,266845,227072,80271,61468,74485,28203,723,0,0,0,0,0
2025-04-13,(신재생) (하동) 익산 다송리 태양광,893,3245534,,0,0,0,0,0,0,20972,141016,317466,185128,385443,657351,641441,384720,224179,154033,85333,40497,7955,0,0,0,0,0
2025-04-14,(신재생) (하동) 익산 다송리 태양광,893,1632889,,0,0,0,0,0,0,1446,115705,274077,356517,194529,126553,210439,133784,52067,49175,47005,65084,6508,0,0,0,0,0
2025-04-15,(신재생) (하동) 익산 다송리 태양광,893,5856857,,0,0,0,0,0,0,24587,160541,328314,474392,676153,767994,793304,781734,690616,560447,383997,182236,32542,0,0,0,0,0
2025-04-16,(신재생) (하동) 익산 다송리 태양광,893,5243619,,0,0,0,0,0,0,20972,130892,339161,514165,630594,681215,692062,653012,609622,498256,297941,148247,27480,0,0,0,0,0
2025-04-17,(신재생) (하동) 익산 다송리 태양광,893,4558063,,0,0,0,0,0,0,23864,134507,310958,475838,572018,642887,601667,540922,470053,391228,255998,114982,23141,0,0,0,0,0
2025-04-18,(신재생) (하동) 익산 다송리 태양광,893,4692572,,0,0,0,0,0,0,24587,120767,281308,433172,503318,630594,653012,624085,552493,431725,283478,126553,27480,0,0,0,0,0
2025-04-19,(신재생) (하동) 익산 다송리 태양광,893,3538411,,0,0,0,0,0,0,28203,147524,335545,509103,606729,686277,364472,457759,155479,123660,86056,33265,4339,0,0,0,0,0
2025-04-20,(신재생) (하동) 익산 다송리 태양광,893,3504422,,0,0,0,0,0,0,2893,27480,61468,181513,265399,263229,488855,496086,647226,494640,362302,175727,37604,0,0,0,0,0
2025-04-21,(신재생) (하동) 익산 다송리 태양광,893,4547217,,0,0,0,0,0,0,15186,99796,273354,454143,631317,637825,595159,383997,506934,501148,243704,165603,39051,0,0,0,0,0
2025-04-22,(신재생) (하동) 익산 다송리 태양광,893,951675,,0,0,0,0,0,0,2893,19525,27480,44113,38327,92564,138123,169219,100519,85333,134507,70869,28203,0,0,0,0,0
2025-04-23,(신재생) (하동) 익산 다송리 태양광,893,4207332,,0,0,0,0,0,0,22418,72316,146801,378935,513442,476561,510549,423047,559001,502595,376765,185128,39051,723,0,0,0,0
2025-04-24,(신재생) (하동) 익산 다송리 태양광,893,5063552,,0,0,0,0,0,0,26034,169219,368811,529352,636379,679768,650119,639272,519227,383274,275523,147524,38327,723,0,0,0,0
2025-04-25,(신재생) (하동) 익산 다송리 태양광,893,5895907,,0,0,0,0,0,0,27480,146078,370257,550323,671814,735452,772333,754254,677599,559724,393398,198145,38327,723,0,0,0,0
2025-04-26,(신재생) (하동) 익산 다송리 태양광,893,5829375,,0,0,0,0,0,0,35435,183682,383997,546707,666028,734005,747022,728943,655904,540199,378212,188021,40497,723,0,0,0,0
2025-04-27,(신재생) (하동) 익산 다송리 태양광,893,1684958,,0,0,0,0,0,723,33988,180066,316020,483793,617577,52791,0,0,0,0,0,0,0,0,0,0,0,0
2025-04-28,(신재생) (하동) 익산 다송리 태양광,893,4776459,,0,0,0,0,0,0,0,0,0,63638,664582,728220,749915,736898,662413,548877,383274,193083,44836,723,0,0,0,0
2025-04-29,(신재생) (하동) 익산 다송리 태양광,893,5801896,,0,0,0,0,0,723,37604,191637,392675,552493,664582,731113,744129,718096,644334,531521,363025,186575,42666,723,0,0,0,0
2025-04-30,(신재생) (하동) 익산 다송리 태양광,893,5721625,,0,0,0,0,0,723,39051,188744,383997,543815,657351,723158,739067,710864,635656,516335,358686,180066,42666,1446,0,0,0,0
2025-05-01,(신재생) (하동) 익산 다송리 태양광,893,1350859,,0,0,0,0,0,1446,43389,161264,318913,222733,138123,249489,12294,48452,42666,21695,23864,49898,16633,0,0,0,0,0
2025-05-02,(신재생) (하동) 익산 다송리 태양광,893,4921089,,0,0,0,0,0,1446,38327,202484,410754,567679,692062,751361,755700,726774,472945,159095,52791,65807,23141,723,0,0,0,0
2025-05-03,(신재생) (하동) 익산 다송리 태양광,893,1888888,,0,0,0,0,0,0,0,6508,11571,13740,18079,49898,151863,462821,545984,347839,117875,101965,59299,1446,0,0,0,0
2025-05-04,(신재생) (하동) 익산 다송리 태양광,893,5987746,,0,0,0,0,0,2169,46282,199592,406415,562617,670367,737621,762932,741960,666028,550323,391228,201038,47728,1446,0,0,0,0
2025-05-05,(신재생) (하동) 익산 다송리 태양광,893,1813679,,0,0,0,0,0,2169,46282,145355,287094,324698,312404,138123,172835,148247,70146,57129,67977,32542,8678,0,0,0,0,0
2025-05-06,(신재생) (하동) 익산 다송리 태양광,893,3076312,,0,0,0,0,0,723,21695,94734,222009,378935,432448,370980,316743,198868,279139,272631,266845,170665,47728,2169,0,0,0,0
2025-05-07,(신재생) (하동) 익산 다송리 태양광,893,5631229,,0,0,0,0,0,2169,45559,202484,403522,537306,650842,729666,734005,663859,553939,507657,361579,186575,50621,1446,0,0,0,0
2025-05-08,(신재생) (하동) 익산 다송리 태양광,893,5275437,,0,0,0,0,0,2169,54960,196699,384720,540922,648673,708695,690616,672537,546707,421601,234303,141739,31096,0,0,0,0,0
2025-05-09,(신재생) (하동) 익산 다송리 태양광,893,778842,,0,0,0,0,0,0,9401,36881,48452,41943,113536,119321,104858,101242,70869,31096,45559,39051,16633,0,0,0,0,0
2025-05-10,(신재생) (하동) 익산 다송리 태양광,893,674707,,0,0,0,0,0,0,723,16633,23141,58576,66531,70869,102688,94011,145355,49175,28926,13017,5062,0,0,0,0,0
2025-05-11,(신재생) (하동) 익산 다송리 태양광,893,4313638,,0,0,0,0,0,1446,31096,99073,240812,288540,406415,522843,520674,569125,582865,475115,340607,182236,49898,2893,0,0,0,0
2025-05-12,(신재생) (하동) 익산 다송리 태양광,893,5705716,,0,0,0,0,0,2893,52067,193083,380381,532244,647949,717373,727497,697847,629871,514888,365195,191637,49898,2893,0,0,0,0
2025-05-13,(신재생) (하동) 익산 다송리 태양광,893,4973158,,0,0,0,0,0,4339,46282,193806,364472,507657,593713,607453,542368,496086,619746,470053,287817,186575,48452,4339,0,0,0,0
2025-05-14,(신재생) (하동) 익산 다송리 태양광,893,5456949,,0,0,0,0,0,3616,44836,201038,390505,537306,642164,706525,702186,666752,463544,498256,365918,180066,50621,3616,0,0,0,0
2025-05-15,(신재생) (하동) 익산 다송리 태양광,893,2581673,,0,0,0,0,0,0,2169,31819,55683,130892,352178,290709,371703,458482,271184,306619,222733,70869,16633,0,0,0,0,0
2025-05-16,(신재생) (하동) 익산 다송리 태양광,893,1099923,,0,0,0,0,0,723,18802,53514,76655,127276,198868,180066,166326,133061,54960,34712,34712,18802,1446,0,0,0,0,0
2025-05-17,(신재생) (하동) 익산 다송리 태양광,893,4526969,,0,0,0,0,0,7232,55683,201038,304449,352901,501872,454143,661689,640718,575634,465714,206100,85333,14463,0,0,0,0,0
2025-05-18,(신재생) (하동) 익산 다송리 태양광,893,1353752,,0,0,0,0,0,2169,35435,162711,339884,362302,451251,0,0,0,0,0,0,0,0,0,0,0,0,0
2025-05-19,(신재생) (하동) 익산 다송리 태양광,893,1313978,,0,0,0,0,0,0,0,0,0,57129,354347,241535,148971,62915,87502,90395,120767,114259,33265,2893,0,0,0,0
2025-05-20,(신재생) (하동) 익산 다송리 태양광,893,4246382,,0,0,0,0,0,1446,18802,72316,147524,266122,424494,442573,490301,673260,606729,505487,359409,173558,57129,7232,0,0,0,0
2025-05-21,(신재생) (하동) 익산 다송리 태양광,893,3583971,,0,0,0,0,0,2893,52067,208993,329760,448358,588651,476561,357963,247320,289263,248766,155479,111366,57853,8678,0,0,0,0
2025-05-22,(신재생) (하동) 익산 다송리 태양광,893,1796324,,0,0,0,0,0,5062,55683,133061,106304,131615,131615,162711,342777,242258,169219,116428,84609,85333,27480,2169,0,0,0,0
2025-05-23,(신재생) (하동) 익산 다송리 태양광,893,2633017,,0,0,0,0,0,723,46282,91118,142462,243704,277693,448358,299387,303726,298664,268292,124383,58576,28926,723,0,0,0,0
2025-05-24,(신재생) (하동) 익산 다송리 태양광,893,1543943,,0,0,0,0,0,723,11571,52791,101242,198145,167773,142462,187298,141739,102688,205377,108474,68700,49898,5062,0,0,0,0
2025-05-25,(신재생) (하동) 익산 다송리 태양광,893,5643525,,0,0,0,0,0,6508,58576,205377,376765,522120,634933,691339,707972,694232,623362,509103,355071,190914,61468,5785,0,0,0,0
2025-05-26,(신재생) (하동) 익산 다송리 태양광,893,5279054,,0,0,0,0,0,3616,49175,119321,245874,506211,594436,715203,718096,684831,584312,473668,335545,182959,60022,5785,0,0,0,0
2025-05-27,(신재생) (하동) 익산 다송리 태양광,893,5271822,,0,0,0,0,0,7232,61468,191637,360856,504041,608176,658797,671814,642887,577080,453420,301557,168496,58576,5785,0,0,0,0
2025-05-28,(신재생) (하동) 익산 다송리 태양광,893,5307254,,0,0,0,0,0,5785,58576,181513,332653,483069,595882,661689,679045,654458,583588,481623,337715,185128,60022,6508,0,0,0,0
2025-05-29,(신재생) (하동) 익산 다송리 태양광,893,5445379,,0,0,0,0,0,5785,60745,196699,360856,508380,605283,669644,690616,659520,572741,497533,361579,190191,59299,6508,0,0,0,0
2025-05-30,(신재생) (하동) 익산 다송리 태양광,893,4996298,,0,0,0,0,0,8678,73039,180066,325421,457036,563340,615407,634933,625532,527905,432448,318189,164880,62192,7232,0,0,0,0
2025-05-31,(신재생) (하동) 익산 다송리 태양광,893,4035223,,0,0,0,0,0,10124,75932,237919,304449,334822,410031,521397,453420,461375,429556,329760,232134,159818,66531,7955,0,0,0,0
2025-06-01,(신재생) (하동) 익산 다송리 태양광,893,5142377,,0,0,0,0,0,7232,75208,199592,350732,488855,594436,653735,663136,641441,502595,436787,285647,177174,60745,5062,0,0,0,0
2025-06-02,(신재생) (하동) 익산 다송리 태양광,893,1936616,,0,0,0,0,0,0,21695,82440,148247,165603,257444,242258,276969,259614,230687,127999,68700,41943,11571,1446,0,0,0,0
2025-06-03,(신재생) (하동) 익산 다송리 태양광,893,5549514,,0,0,0,0,0,723,65084,187298,349285,498979,608899,690616,712311,697124,622639,450527,371703,219117,67254,7955,0,0,0,0
2025-06-04,(신재생) (하동) 익산 다송리 태양광,893,5794662,,0,0,0,0,0,5785,57129,209716,387613,531521,642887,706525,718096,707248,632763,527905,381827,216947,62192,6508,0,0,0,0
2025-06-05,(신재생) (하동) 익산 다송리 태양광,893,5519863,,0,0,0,0,0,6508,57853,213332,389782,532967,635656,689169,715203,649396,606729,431002,313127,198145,71593,9401,0,0,0,0
2025-06-06,(신재생) (하동) 익산 다송리 태양광,893,4158882,,0,0,0,0,0,2893,52067,141739,329760,389782,589374,520674,598052,414369,217671,355071,260337,224902,52067,10124,0,0,0,0
2025-06-07,(신재생) (하동) 익산 다송리 태양광,893,5220477,,0,0,0,0,0,2169,59299,194529,369534,515612,619023,668198,681938,657351,535860,415093,291433,142462,61468,6508,0,0,0,0
2025-06-08,(신재생) (하동) 익산 다송리 태양광,893,4373658,,0,0,0,0,0,1446,39051,147524,265399,394121,486685,620469,332653,417985,556108,490301,347839,195976,68700,9401,0,0,0,0
2025-06-09,(신재생) (하동) 익산 다송리 태양광,893,4869022,,0,0,0,0,0,5785,49175,122214,229964,480900,553939,590820,531521,648673,542368,490301,346393,201761,68700,6508,0,0,0,0
2025-06-10,(신재생) (하동) 익산 다송리 태양광,893,4247827,,0,0,0,0,0,6508,37604,101242,226348,413646,530075,505487,505487,482346,422324,431725,266122,208993,92564,17356,0,0,0,0
2025-06-11,(신재생) (하동) 익산 다송리 태양광,893,5598687,,0,0,0,0,0,7232,55683,205377,376042,524289,629147,693508,697847,679045,600944,478007,365918,206823,66531,12294,0,0,0,0
2025-06-12,(신재생) (하동) 익산 다송리 태양광,893,4941340,,0,0,0,0,0,7232,58576,167773,305173,401353,438234,603837,671814,681938,606729,483793,310235,134507,61468,8678,0,0,0,0
2025-06-13,(신재생) (하동) 익산 다송리 태양광,893,1183810,,0,0,0,0,0,1446,33988,58576,99073,141016,143908,150417,209716,163434,69423,46282,36881,26757,2893,0,0,0,0,0
2025-06-14,(신재생) (하동) 익산 다송리 태양광,893,3440063,,0,0,0,0,0,0,9401,57853,87502,155479,206100,509826,493194,329037,561171,487408,294325,173558,62915,12294,0,0,0,0
2025-06-15,(신재생) (하동) 익산 다송리 태양광,893,4862514,,0,0,0,0,0,7232,60022,197422,365195,509103,597328,653012,606006,480177,529352,419432,237919,157648,41220,1446,0,0,0,0
2025-06-16,(신재생) (하동) 익산 다송리 태양광,893,2550577,,0,0,0,0,0,0,5062,18802,24587,59299,74485,424494,473668,495363,374596,233580,219840,115705,23864,7232,0,0,0,0
2025-06-17,(신재생) (하동) 익산 다송리 태양광,893,3936148,,0,0,0,0,0,0,3616,26757,81717,188744,297941,446188,634209,633486,533691,452697,331929,218394,77378,9401,0,0,0,0
2025-06-18,(신재생) (하동) 익산 다송리 태양광,893,5349922,,0,0,0,0,0,2893,60022,186575,341331,496809,596605,650119,669644,647949,582865,486685,352178,205377,62915,7955,0,0,0,0
2025-06-19,(신재생) (하동) 익산 다송리 태양광,893,4200102,,0,0,0,0,0,7955,67977,220563,277693,339161,590097,586481,416539,509826,290709,308788,337715,181513,52791,12294,0,0,0,0
2025-06-20,(신재생) (하동) 익산 다송리 태양광,893,666028,,0,0,0,0,0,723,15909,47728,82440,99073,56406,48452,120767,40497,50621,44836,32542,20972,5062,0,0,0,0,0
2025-06-21,(신재생) (하동) 익산 다송리 태양광,893,548876,,0,0,0,0,0,723,10124,16633,26034,33988,47728,38327,63638,64361,60022,67254,58576,47005,14463,0,0,0,0,0
2025-06-22,(신재생) (하동) 익산 다송리 태양광,893,5333288,,0,0,0,0,0,3616,36881,147524,227072,441849,605283,616854,697847,694955,628424,527905,390505,229241,75208,10124,0,0,0,0
2025-06-23,(신재생) (하동) 익산 다송리 태양광,893,5524205,,0,0,0,0,0,3616,44113,119321,336992,522843,620469,681938,699294,676876,617577,517058,379658,220563,75932,7955,0,0,0,0
2025-06-24,(신재생) (하동) 익산 다송리 태양광,893,1466565,,0,0,0,0,0,2893,60022,99073,166326,155479,207546,136677,219117,108474,109197,56406,38327,40497,54960,11571,0,0,0,0
2025-06-25,(신재생) (하동) 익산 다송리 태양광,893,1852009,,0,0,0,0,0,0,7955,33988,30373,41943,72316,113536,163434,296495,344946,376042,172835,127999,66531,3616,0,0,0,0
2025-06-26,(신재생) (하동) 익산 다송리 태양광,893,4628936,,0,0,0,0,0,2169,26757,85333,229241,382551,422324,526459,700017,581419,497533,509826,355071,217671,80271,12294,0,0,0,0
2025-06-27,(신재생) (하동) 익산 다송리 태양광,893,4790919,,0,0,0,0,0,2169,33988,173558,243704,385443,505487,628424,470776,651565,572018,494640,344946,200315,73039,10847,0,0,0,0
2025-06-28,(신재생) (하동) 익산 다송리 태양광,893,4092350,,0,0,0,0,0,0,41943,124383,256721,315297,272631,325421,474392,601667,595882,413646,367364,216947,80271,5785,0,0,0,0
2025-06-29,(신재생) (하동) 익산 다송리 태양광,893,5146713,,0,0,0,0,0,6508,45559,187298,311681,472222,556108,541645,646503,652288,558278,496809,366641,221286,71593,12294,0,0,0,0
2025-06-30,(신재생) (하동) 익산 다송리 태양광,893,4788751,,0,0,0,0,0,5062,38327,165603,356517,379658,504764,590097,652288,619023,441849,397014,364472,203931,60745,9401,0,0,0,0
2025-07-01,(신재생) (하동) 익산 다송리 태양광,893,3726434,,0,0,0,0,0,4339,44113,109920,218394,318913,402076,402076,289263,501148,376042,361579,400629,222733,67254,7955,0,0,0,0
2025-07-02,(신재생) (하동) 익산 다송리 태양광,893,4712098,,0,0,0,0,0,4339,38327,167773,301557,373873,522843,535137,404245,637102,594436,501872,378212,155479,79547,17356,0,0,0,0
2025-07-03,(신재생) (하동) 익산 다송리 태양광,893,4591329,,0,0,0,0,0,3616,46282,161264,224179,335545,501872,488132,513442,597328,537306,465714,398460,222009,86056,10124,0,0,0,0
2025-07-04,(신재생) (하동) 익산 다송리 태양광,893,3830568,,0,0,0,0,0,5785,49175,178620,228518,320359,397737,478731,360856,483793,267568,399906,344223,233580,73762,7955,0,0,0,0
2025-07-05,(신재생) (하동) 익산 다송리 태양광,893,4751146,,0,0,0,0,0,2893,40497,159095,198145,291433,459205,571295,634209,611068,578526,514165,367364,225625,83886,13740,0,0,0,0
2025-07-06,(신재생) (하동) 익산 다송리 태양광,893,4027267,,0,0,0,0,0,4339,44113,118598,148247,316020,425217,519951,491747,509826,385443,374596,359409,232134,86056,11571,0,0,0,0
2025-07-07,(신재생) (하동) 익산 다송리 태양광,893,4877700,,0,0,0,0,0,4339,57129,122937,224179,347116,485239,604560,652288,668198,610345,433172,367364,211885,76655,12294,0,0,0,0
2025-07-08,(신재생) (하동) 익산 다송리 태양광,893,3591927,,0,0,0,0,0,3616,50621,154033,300111,451974,559724,634933,519227,460652,258167,35435,67254,63638,26757,5785,0,0,0,0
2025-07-09,(신재생) (하동) 익산 다송리 태양광,893,5330398,,0,0,0,0,0,2893,45559,168496,338438,479454,581419,642164,663859,652288,590097,498256,370980,217671,69423,9401,0,0,0,0
2025-07-10,(신재생) (하동) 익산 다송리 태양광,893,5425130,,0,0,0,0,0,3616,44836,175004,347116,492471,620469,654458,673983,656627,596605,502595,364472,211885,70146,10847,0,0,0,0
2025-07-11,(신재생) (하동) 익산 다송리 태양광,893,5424407,,0,0,0,0,0,5062,49898,174281,345669,493194,598775,662413,679768,658797,600944,502595,363025,208269,71593,10124,0,0,0,0
2025-07-12,(신재생) (하동) 익산 다송리 태양광,893,5381740,,0,0,0,0,0,5785,54960,128722,344946,504764,488132,700017,688446,660243,601667,510549,378212,223456,76655,15186,0,0,0,0
2025-07-13,(신재생) (하동) 익산 다송리 태양광,893,1673386,,0,0,0,0,0,1446,57129,116428,205377,311681,253828,163434,94734,188021,96180,79547,48452,43389,12294,1446,0,0,0,0
2025-07-14,(신재생) (하동) 익산 다송리 태양광,893,3691721,,0,0,0,0,0,3616,52067,117152,253105,229241,452697,486685,659520,694232,559001,74485,41943,25311,41220,1446,0,0,0,0
2025-07-15,(신재생) (하동) 익산 다송리 태양광,893,2439211,,0,0,0,0,0,2169,19525,81717,160541,258891,305896,142462,97626,129445,257444,456313,318913,138123,57129,13017,0,0,0,0
2025-07-16,(신재생) (하동) 익산 다송리 태양광,893,522843,,0,0,0,0,0,0,10124,62915,30373,37604,88225,96180,83886,58576,33265,7955,5785,7232,723,0,0,0,0,0
2025-07-17,(신재생) (하동) 익산 다송리 태양광,893,260337,,0,0,0,0,0,0,14463,33988,11571,7955,23864,75208,49175,18802,7955,5785,7232,4339,0,0,0,0,0,0
2025-07-18,(신재생) (하동) 익산 다송리 태양광,893,2076912,,0,0,0,0,0,723,32542,91118,223456,323252,154033,442573,182236,237196,215501,88225,44113,35435,3616,2893,0,0,0,0
2025-07-19,(신재생) (하동) 익산 다송리 태양광,893,1275649,,0,0,0,0,0,0,7232,0,723,1446,1446,23864,62192,174281,185852,368087,203207,152586,88225,6508,0,0,0,0
2025-07-20,(신재생) (하동) 익산 다송리 태양광,893,4263739,,0,0,0,0,0,723,26757,113536,331206,350732,593713,522120,612515,385443,558278,345669,201038,183682,28926,9401,0,0,0,0
2025-07-21,(신재생) (하동) 익산 다송리 태양광,893,4443083,,0,0,0,0,0,1446,35435,160541,190191,455589,457036,360856,572018,565509,579973,604560,227795,140293,59299,32542,0,0,0,0
2025-07-22,(신재생) (하동) 익산 다송리 태양광,893,5164071,,0,0,0,0,0,1446,32542,165603,340607,491747,491024,630594,650842,636379,539476,506211,397737,217671,53514,8678,0,0,0,0
2025-07-23,(신재생) (하동) 익산 다송리 태양광,893,4779351,,0,0,0,0,0,1446,39051,123660,314574,445465,506934,581419,582865,545261,543092,422324,375319,222733,70869,4339,0,0,0,0
2025-07-24,(신재생) (하동) 익산 다송리 태양광,893,5034627,,0,0,0,0,0,723,28926,159818,316020,474392,506211,644334,462098,671814,602391,516335,372426,204654,65807,8678,0,0,0,0
2025-07-25,(신재생) (하동) 익산 다송리 태양광,893,5349199,,0,0,0,0,0,1446,39051,155479,334099,480177,590820,657351,673260,660966,594436,501148,368811,211885,70869,9401,0,0,0,0
2025-07-26,(신재생) (하동) 익산 다송리 태양광,893,5072229,,0,0,0,0,0,723,31096,163434,254552,458482,612515,661689,665305,612515,527905,523566,357963,122214,75208,5062,0,0,0,0
2025-07-27,(신재생) (하동) 익산 다송리 태양광,893,5229877,,0,0,0,0,0,723,28203,161987,342777,485962,573464,648673,667475,650842,587927,503318,274077,204654,88948,10847,0,0,0,0
2025-07-28,(신재생) (하동) 익산 다송리 태양광,893,4741747,,0,0,0,0,0,1446,32542,154756,324698,461375,575634,540199,516335,501872,510549,491024,360133,201038,63638,6508,0,0,0,0
2025-07-29,(신재생) (하동) 익산 다송리 태양광,893,4790920,,0,0,0,0,0,723,33988,154756,323975,479454,495363,548877,697847,630594,487408,347116,362302,167049,52067,9401,0,0,0,0
2025-07-30,(신재생) (하동) 익산 다송리 태양광,893,4861066,,0,0,0,0,0,723,45559,176451,274800,471499,582865,645780,687000,610345,481623,480177,256721,107027,38327,2169,0,0,0,0
2025-07-31,(신재생) (하동) 익산 다송리 태양광,893,4882763,,0,0,0,0,0,0,25311,94734,152586,312404,527905,635656,734728,672537,600221,507657,378935,187298,49898,2893,0,0,0,0
2025-08-01,(신재생) (하동) 익산 다송리 태양광,893,5114896,,0,0,0,0,0,723,26034,153309,329760,462821,572018,643611,652288,592989,582142,493917,360133,204654,36881,3616,0,0,0,0
2025-08-02,(신재생) (하동) 익산 다송리 태양광,893,4719329,,0,0,0,0,0,723,36158,136677,321082,308065,509103,626255,616854,599498,589374,466437,320359,126553,55683,6508,0,0,0,0
2025-08-03,(신재생) (하동) 익산 다송리 태양광,893,968309,,0,0,0,0,0,0,11571,76655,132338,159818,111366,101242,109920,156925,94011,9401,2893,1446,723,0,0,0,0,0
2025-08-04,(신재생) (하동) 익산 다송리 태양광,893,4190700,,0,0,0,0,0,0,1446,61468,232857,288540,393398,564063,532967,639272,484516,368811,322528,219117,77378,4339,0,0,0,0
2025-08-05,(신재생) (하동) 익산 다송리 태양광,893,4840095,,0,0,0,0,0,723,30373,143908,303726,476561,449804,501872,637825,641441,592989,442573,376765,202484,36158,2893,0,0,0,0
2025-08-06,(신재생) (하동) 익산 다송리 태양광,893,2172366,,0,0,0,0,0,0,12294,90395,159095,141739,235026,243704,392675,289263,216224,180066,123660,67977,20248,0,0,0,0,0
2025-08-07,(신재생) (하동) 익산 다송리 태양광,893,4412712,,0,0,0,0,0,0,27480,124383,182236,393398,323252,506934,531521,653012,519951,474392,370257,222733,76655,6508,0,0,0,0
2025-08-08,(신재생) (하동) 익산 다송리 태양광,893,977709,,0,0,0,0,0,1446,33988,200315,391952,350008,0,0,0,0,0,0,0,0,0,0,0,0,0,0
